country,year,actual,predicted,residual
Afghanistan,2019,50.4147777777778,49.979744,0.4350338202582691
Afghanistan,2019,46.135,46.37895,-0.24394821166992386
Afghanistan,2020,50.0408888888889,51.271732,-1.2308434414333647
Afghanistan,2020,45.4991818181818,46.679974,-1.1807917841131186
Afghanistan,2021,49.2045555555556,49.72049,-0.5159339463975243
Afghanistan,2021,44.7376363636364,45.732094,-0.9944574473987586
Afghanistan,2022,49.2045555555556,49.176487,0.02806858656146005
Afghanistan,2022,41.9039090909091,44.962593,-3.0586839877041783
Afghanistan,2023,41.4229090909091,48.435486,-7.012576748934649
Albania,2019,66.9942,68.80884,-1.8146378906249936
Albania,2019,66.1569090909091,65.834435,0.32247458163175224
Albania,2020,68.3141,68.644844,-0.330744055175785
Albania,2020,65.5636363636364,65.68498,-0.12134593616828226
Albania,2021,68.6597,69.93384,-1.2741378906249992
Albania,2021,64.5592727272727,65.25884,-0.6995697409890198
Albania,2022,68.6597,69.587654,-0.9279541137695304
Albania,2022,62.6846363636364,63.89875,-1.214113941539381
Albania,2023,62.3673636363636,67.14481,-4.777449901234057
Algeria,2019,69.8992,71.435394,-1.5361942871093817
Algeria,2019,65.1871818181818,68.367676,-3.1804939630682014
Algeria,2020,70.7191,69.505455,1.2136449829101537
Algeria,2020,66.8703636363636,66.02287,0.847490711558919
Algeria,2021,72.3544,69.91108,2.443320593261717
Algeria,2021,66.6710909090909,68.26908,-1.5979902066317493
Algeria,2022,72.3544,71.349655,1.0047448486328108
Algeria,2022,65.4679090909091,67.51741,-2.0495011874112095
Algeria,2023,65.1562727272727,71.16984,-6.013565224387463
Andorra,2019,85.2738,84.5713,0.702503308105463
Andorra,2020,84.459,84.43174,0.027260192871096933
Andorra,2021,84.4332,84.43174,0.0014601928710931134
Andorra,2022,84.4332,84.69969,-0.26649177246093814
Angola,2019,47.7595,47.660545,0.09895465087890898
Angola,2019,40.9908181818182,40.94753,0.04328934270687057
Angola,2020,48.728,48.049667,0.678332641601564
Angola,2020,42.3942727272727,41.36688,1.0273942177512154
Angola,2021,48.9725,48.945915,0.02658477783202784
Angola,2021,42.8217272727273,42.596996,0.2247309653542544
Angola,2022,48.9725,49.063133,-0.09063323974609716
Angola,2022,41.8403636363636,43.283413,-1.4430492969860111
Angola,2023,40.9445454545455,48.819443,-7.87489729447794
Antigua and Barbuda,2019,86.51425,80.527336,5.986913879394535
Antigua and Barbuda,2020,86.12975,81.69491,4.434841857910158
Antigua and Barbuda,2021,86.12975,83.39127,2.738476501464845
Antigua and Barbuda,2022,86.12975,85.63102,0.4987304077148451
Argentina,2019,66.154,65.50335,0.6506506958007776
Argentina,2019,64.3417,64.40719,-0.06548841552734075
Argentina,2020,65.4465555555556,66.511116,-1.0645604722764261
Argentina,2020,62.1366,64.28226,-2.1456570800781236
Argentina,2021,65.4101111111111,65.45042,-0.0403054538302996
Argentina,2021,60.683,62.961514,-2.2785135192871095
Argentina,2022,65.4101111111111,65.8868,-0.4766915622287371
Argentina,2022,61.8166,61.85165,-0.03505023803710827
Argentina,2023,58.7364,65.67158,-6.935177453613278
Armenia,2019,76.9414444444444,77.614555,-0.6731109144423186
Armenia,2019,74.8708571428571,75.32219,-0.4513321881975827
Armenia,2020,78.4065555555556,77.81726,0.5892948133680989
Armenia,2020,76.443,75.83812,0.6048804931640603
Armenia,2021,77.3953333333333,77.87771,-0.48237510172529596
Armenia,2021,73.9955714285714,76.063995,-2.0684239327567298
Armenia,2022,77.3953333333333,77.45914,-0.06380362955732721
Armenia,2022,72.7738571428571,74.51895,-1.7450942731585286
Armenia,2023,73.7455714285714,75.83533,-2.0897557198661048
Australia,2019,84.5874,85.28109,-0.6936897827148414
Australia,2019,87.5748181818182,88.342,-0.7671846868341419
Australia,2020,84.2126,85.429665,-1.2170646118164115
Australia,2020,86.2873636363636,87.06841,-0.7810491443981249
Australia,2021,83.7435,85.719185,-1.9756848754882839
Australia,2021,85.1593636363636,86.87189,-1.7125235706676563
Australia,2022,83.7435,84.629814,-0.8863141479492214
Australia,2022,84.8998181818182,85.0696,-0.16978478449038903
Australia,2023,84.8335454545454,85.720726,-0.8871805586381925
Austria,2019,93.9145,91.732346,2.1821544189453164
Austria,2019,89.3703,90.70537,-1.3350680419921872
Austria,2019,91.7558181818182,93.21958,-1.463763422185707
Austria,2020,93.3026,92.255684,1.046916101074217
Austria,2020,88.387,89.56251,-1.1755076293945308
Austria,2020,90.5758181818182,92.58412,-2.008303522283356
Austria,2021,91.2038,91.66102,-0.45721837158203016
Austria,2021,87.2718,88.344604,-1.072804492187501
Austria,2021,89.3490909090909,91.5504,-2.2013088711825333
Austria,2022,91.2038,90.42704,0.7767598999023448
Austria,2022,85.9467,84.7954,1.1512974731445382
Austria,2022,87.7843636363636,90.674484,-2.8901206165660938
Austria,2023,87.164,88.91519,-1.7511916503906235
Azerbaijan,2019,72.7475,71.83716,0.9103417968750023
Azerbaijan,2019,66.7475,67.95952,-1.2120184326171852
Azerbaijan,2020,72.7145,71.24722,1.467277099609376
Azerbaijan,2020,65.9355,68.57568,-2.6401835937499953
Azerbaijan,2021,72.66275,71.24722,1.4155270996093776
Azerbaijan,2021,65.9788333333333,68.08319,-2.1043575846354514
Azerbaijan,2022,72.66275,70.89096,1.7717893066406276
Azerbaijan,2022,64.0085,67.398476,-3.3899756469726583
Azerbaijan,2023,64.0085,69.05659,-5.048087219238283
BRICS members,2019,54.0204,53.85713,0.16327185668945532
BRICS members,2020,52.7453,53.986958,-1.2416575500488278
BRICS members,2021,52.3855,53.986958,-1.6014575500488277
BRICS members,2022,52.916,52.59589,0.3201099548339812
BRICS members,2023,52.6238,50.99969,1.6241089904785184
BRICSplus members,2019,54.0591,53.323517,0.7355831542968758
BRICSplus members,2020,52.8462,53.986958,-1.140757550048825
BRICSplus members,2021,52.4878,53.986958,-1.4991575500488281
BRICSplus members,2022,52.7436,52.545006,0.19859420166015695
BRICSplus members,2023,52.4683,51.320583,1.14771665649414
"Bahamas, The",2019,61.586,60.589355,0.9966445312499985
"Bahamas, The",2019,54.281875,54.212433,0.06944213867187443
"Bahamas, The",2020,63.7066,60.933777,2.7728231445312517
"Bahamas, The",2020,55.00425,54.036537,0.9677128295898427
"Bahamas, The",2021,63.971,62.2861,1.6849015197753872
"Bahamas, The",2021,53.7365,54.586605,-0.8501050720214849
"Bahamas, The",2022,63.971,62.243996,1.7270043334960903
"Bahamas, The",2022,51.07025,52.83273,-1.762479339599608
"Bahamas, The",2023,51.07025,61.34388,-10.27362969970703
Bahrain,2019,70.9708571428571,70.33597,0.6348891252789741
Bahrain,2019,66.0426,65.71492,0.3276799560546806
Bahrain,2020,71.5877142857143,70.37844,1.2092734287807048
Bahrain,2020,66.0426,67.44105,-1.3984476684570382
Bahrain,2021,71.3897142857143,70.230194,1.1595201939174302
Bahrain,2021,66.0426,67.81015,-1.767550146484382
Bahrain,2022,71.3897142857143,70.230194,1.1595201939174302
Bahrain,2022,66.5716,67.57832,-1.0067233642578088
Bahrain,2023,66.0426,66.05792,-0.015322363281256912
Baltic States,2019,83.9059,83.224724,0.6811761840820338
Baltic States,2020,83.5052,83.0581,0.44710216064453334
Baltic States,2021,84.5169,84.502365,0.014534887695319298
Baltic States,2022,85.162,85.56567,-0.4036661987304626
Bangladesh,2019,54.0048,55.081913,-1.0771129943847626
Bangladesh,2019,48.6742727272727,49.882774,-1.2085016257546428
Bangladesh,2020,53.5698,54.09769,-0.5278905822753899
Bangladesh,2020,48.1233636363636,48.722095,-0.5987318531383536
Bangladesh,2021,53.5212,53.649334,-0.12813395385742155
Bangladesh,2021,48.2354545454546,47.863094,0.37236021562061694
Bangladesh,2022,53.5212,53.649334,-0.12813395385742155
Bangladesh,2022,46.1248181818182,47.814087,-1.689268732244301
Bangladesh,2023,46.0045454545455,53.001987,-6.9974420027298905
Barbados,2019,70.774875,75.07462,-4.299748107910162
Barbados,2019,68.1928,70.420456,-2.227655932617182
Barbados,2020,72.306875,70.01844,2.288434753417974
Barbados,2020,71.6228,67.790504,3.8322955444335918
Barbados,2021,72.47225,71.0121,1.46014978027344
Barbados,2021,75.3778,71.03118,4.346618664550775
Barbados,2022,72.47225,72.83084,-0.3585910644531225
Barbados,2022,74.2518,72.25905,1.9927515380859404
Barbados,2023,74.7809,73.79312,0.9877786621093776
Belarus,2019,74.4012222222222,72.60301,1.7982101372612647
Belarus,2019,68.5020909090909,70.25228,-1.750190279873948
Belarus,2020,75.4598888888889,73.99459,1.4652981296115541
Belarus,2020,68.7365454545454,71.10397,-2.367427934126468
Belarus,2021,74.4082222222222,74.430756,-0.022533393012182046
Belarus,2021,67.3427272727273,71.04751,-3.7047809670187917
Belarus,2022,74.4082222222222,73.245255,1.1629677056206305
Belarus,2022,64.8342727272727,69.83231,-4.998040810324952
Belarus,2023,64.5937272727273,71.98051,-7.386779624245349
Belgium,2019,85.3247,84.35417,0.9705282470703196
Belgium,2019,79.6178,79.01545,0.6023504760742213
Belgium,2019,87.9356363636364,87.84628,0.08935340465203012
Belgium,2020,82.9908,83.64012,-0.6493214599609445
Belgium,2020,81.3812,78.49233,2.888867541503913
Belgium,2020,87.9793636363636,87.64075,0.33861656605110113
Belgium,2021,85.3513,84.83634,0.5149581420898386
Belgium,2021,81.2085,81.3278,-0.11929693603515545
Belgium,2021,88.6832727272727,89.03485,-0.35157834694605583
Belgium,2022,85.3513,86.25035,-0.8990509521484427
Belgium,2022,79.3906,80.61196,-1.2213613647460875
Belgium,2022,86.4496363636364,87.39357,-0.9439335826526616
Belgium,2023,86.9477272727273,86.746796,0.20093161843043106
Belize,2019,62.735125,60.073368,2.661756927490231
Belize,2019,55.4704,53.81991,1.6504918579101542
Belize,2020,65.267,61.75527,3.511731903076168
Belize,2020,56.3956,55.44142,0.9541784912109392
Belize,2021,65.247375,63.78487,1.462504852294927
Belize,2021,55.4498,56.075523,-0.6257233764648404
Belize,2022,65.247375,63.768322,1.4790530090332084
Belize,2022,59.8301,55.668633,4.161467492675783
Belize,2023,59.0342,63.74169,-4.70749158935547
Benin,2019,51.7367777777778,49.811924,1.9248537970649124
Benin,2019,50.7383,50.38313,0.3551708801269555
Benin,2020,54.1418888888889,51.76094,2.3809483371310876
Benin,2020,50.6566,49.98483,0.671771051025388
Benin,2021,52.632,53.862194,-1.230194061279299
Benin,2021,50.211,49.969448,0.24155191040038915
Benin,2022,52.632,52.35334,0.27865985107421665
Benin,2022,46.9687,49.762684,-2.793983868408205
Benin,2023,48.7062,51.67875,-2.9725490844726536
Bhutan,2019,84.4395,85.05461,-0.6151112060546922
Bhutan,2019,87.7287142857143,85.15809,2.5706256016322726
Bhutan,2020,84.1345,86.152985,-2.0184846191406223
Bhutan,2020,87.4622857142857,85.15809,2.3041970302036674
Bhutan,2021,84.141625,86.152985,-2.0113596191406202
Bhutan,2021,87.4741428571429,85.15809,2.316054173060863
Bhutan,2022,84.141625,86.152985,-2.0113596191406202
Bhutan,2022,89.0574285714286,85.22795,3.8294775216239145
Bhutan,2023,78.2062857142857,86.27302,-8.066732169015083
Bolivia,2019,54.1373,53.288296,0.8490042541503939
Bolivia,2019,51.5341818181818,51.06319,0.47099135797672176
Bolivia,2020,53.728,53.966503,-0.23850314331054534
Bolivia,2020,52.0537272727273,51.06319,0.9905368125222225
Bolivia,2021,53.055,53.95428,-0.8992808532714847
Bolivia,2021,51.4791818181818,51.592106,-0.11292404729671546
Bolivia,2022,53.055,53.174953,-0.11995346069335966
Bolivia,2022,47.6258181818182,50.8509,-3.2250805608575845
Bolivia,2023,47.6314545454546,52.67613,-5.04467384199657
Bosnia and Herzegovina,2019,69.0482222222222,73.10168,-4.053454718695775
Bosnia and Herzegovina,2019,68.8088,68.36836,0.44043757324219257
Bosnia and Herzegovina,2020,69.6315555555556,71.60513,-1.9735775010850318
Bosnia and Herzegovina,2020,69.7438,68.23439,1.5094097412109306
Bosnia and Herzegovina,2021,70.0483333333333,71.6275,-1.5791691080729464
Bosnia and Herzegovina,2021,70.0376,68.58414,1.4534630371093726
Bosnia and Herzegovina,2022,70.0483333333333,71.91629,-1.8679569498698214
Bosnia and Herzegovina,2022,68.3627,68.26557,0.09712840576172255
Bosnia and Herzegovina,2023,67.0804,70.03416,-2.953756799316409
Botswana,2019,66.3706666666667,67.30032,-0.9296568196614317
Botswana,2019,66.9402,65.87956,1.0606376220703169
Botswana,2020,66.0194444444444,67.126724,-1.1072797987196594
Botswana,2020,68.8651,67.13427,1.7308302856445295
Botswana,2021,65.3337777777778,66.87803,-1.544251091851109
Botswana,2021,68.0071,67.87858,0.12852181396483786
Botswana,2022,65.3337777777778,67.35828,-2.0244985894097027
Botswana,2022,64.6945,67.93078,-3.2362785034179637
Botswana,2023,64.831,66.73502,-1.9040234985351532
Brazil,2019,61.9478,59.716553,2.231247265625001
Brazil,2019,58.0870909090909,56.129177,1.9579138155850373
Brazil,2020,63.6782,62.639343,1.0388567382812468
Brazil,2020,58.0385454545454,57.895878,0.14266761641063397
Brazil,2021,63.8902,62.391865,1.498335223388672
Brazil,2021,57.9383636363636,58.436146,-0.4977821461071059
Brazil,2022,63.8902,62.82742,1.0627807189941407
Brazil,2022,56.3919090909091,58.341522,-1.9496131258877725
Brazil,2023,56.7630909090909,62.63021,-5.867119967373945
Brunei Darussalam,2019,61.5891666666667,61.634144,-0.04497716267900387
Brunei Darussalam,2019,65.9836666666667,65.86796,0.11570859781905085
Brunei Darussalam,2020,62.0248333333333,62.372475,-0.3476413370768583
Brunei Darussalam,2020,66.6191666666667,65.96434,0.6548264567057629
Brunei Darussalam,2021,61.963,62.607327,-0.6443265075683584
Brunei Darussalam,2021,66.5288333333333,65.86796,0.6608752644856395
Brunei Darussalam,2022,61.963,62.607327,-0.6443265075683584
Brunei Darussalam,2022,63.9038333333334,65.530266,-1.6264324747720664
Brunei Darussalam,2023,66.5288333333333,63.7789,2.7499331868489207
Bulgaria,2019,72.6198888888889,70.06241,2.5574804416232695
Bulgaria,2019,64.3458,64.73682,-0.391016406250003
Bulgaria,2019,72.3401,72.41017,-0.07007150878905577
Bulgaria,2020,74.4883333333333,71.523125,2.9652086385090826
Bulgaria,2020,61.8853,65.1283,-3.2430035278320304
Bulgaria,2020,71.2028,72.43662,-1.23382261962891
Bulgaria,2021,73.8404444444444,71.052414,2.7880305040147135
Bulgaria,2021,61.5934,63.23954,-1.6461401000976537
Bulgaria,2021,70.2727,72.15033,-1.8776295898437496
Bulgaria,2022,73.8404444444444,70.64746,3.192983506944401
Bulgaria,2022,61.7934,63.172558,-1.3791578308105485
Bulgaria,2022,69.687,72.213165,-2.5261652832031274
Bulgaria,2023,71.2432,68.94734,2.295858081054689
Burkina Faso,2019,55.9582,57.34063,-1.3824295776367208
Burkina Faso,2019,50.3351,49.41979,0.9153116394042939
Burkina Faso,2020,56.4728,56.790676,-0.31787611694335993
Burkina Faso,2020,51.3592,50.37061,0.9885907165527357
Burkina Faso,2021,54.4996,57.181973,-2.6823725036621084
Burkina Faso,2021,50.698,50.756195,-0.0581950683593746
Burkina Faso,2022,54.4996,54.889416,-0.38981574096679594
Burkina Faso,2022,49.3424,50.184242,-0.8418422485351584
Burkina Faso,2023,46.1101,53.842125,-7.732024938964841
Burundi,2019,52.1666666666667,48.156307,4.0103594462077155
Burundi,2019,48.5522857142857,47.685932,0.8663535548618739
Burundi,2020,50.9488888888889,51.633312,-0.6844233364528947
Burundi,2020,47.8261428571429,48.9138,-1.087656428745774
Burundi,2021,52.1806666666667,51.006657,1.174010019938187
Burundi,2021,50.1357142857143,48.194695,1.9410197666713316
Burundi,2022,52.1806666666667,51.661472,0.5191943461100621
Burundi,2022,50.9655714285714,50.066303,0.8992681753975731
Burundi,2023,50.3538571428572,52.101673,-1.7478159833635019
Cabo Verde,2019,75.48,77.54006,-2.0600619506835898
Cabo Verde,2019,80.5718333333333,77.223465,3.3483683675129896
Cabo Verde,2020,75.9887142857143,77.683266,-1.6945514003208615
Cabo Verde,2020,80.2505,77.223465,3.02703503417969
Cabo Verde,2021,76.001,78.000145,-1.999144958496089
Cabo Verde,2021,80.2713333333333,77.839775,2.431558247884084
Cabo Verde,2022,76.001,78.000145,-1.999144958496089
Cabo Verde,2022,79.1358333333333,77.86112,1.2747112019856388
Cabo Verde,2023,79.1148333333333,78.17619,0.9386400960286068
Cambodia,2019,58.2349,58.520058,-0.28515767822265303
Cambodia,2019,53.7534545454546,54.394497,-0.6410423722700074
Cambodia,2020,60.3583,58.752457,1.6058433349609373
Cambodia,2020,54.0733636363636,53.916515,0.15684828602180545
Cambodia,2021,60.0748,61.620285,-1.5454850341796842
Cambodia,2021,53.4961818181818,53.90401,-0.40782895452327494
Cambodia,2022,60.0748,60.898457,-0.8236565734863248
Cambodia,2022,51.7728181818182,53.799522,-2.0267042180841415
Cambodia,2023,50.8732727272727,59.722088,-8.848815132834723
Cameroon,2019,47.4219,47.86583,-0.44392946777343667
Cameroon,2019,42.0214545454546,41.332752,0.6887023176713996
Cameroon,2020,47.0868,47.589146,-0.502345660400394
Cameroon,2020,40.8329090909091,42.19431,-1.3614001437100427
Cameroon,2021,47.28,47.29508,-0.015078277587889488
Cameroon,2021,40.3122727272727,40.831184,-0.5189116599343322
Cameroon,2022,47.28,47.589146,-0.3091456604003895
Cameroon,2022,38.2534545454546,40.627636,-2.374181410355945
Cameroon,2023,37.5878181818182,47.328297,-9.740478479558753
Canada,2019,85.607,86.99959,-1.3925880126953132
Canada,2019,84.2847272727273,87.916405,-3.6316774513937986
Canada,2020,84.6247,86.006226,-1.3815255859374957
Canada,2020,83.8771818181818,86.8162,-2.93901843816586
Canada,2021,84.5845,85.016754,-0.43225415039061943
Canada,2021,83.6295454545455,85.56467,-1.935121293501382
Canada,2022,84.5845,84.469894,0.11460559082031807
Canada,2022,82.7234545454545,85.27654,-2.5530881181197174
Canada,2023,82.9563636363636,85.46207,-2.50570301402702
Candidate Countries,2019,60.7235,60.47686,0.24663995361328261
Candidate Countries,2020,61.4303,62.010616,-0.5803163024902318
Candidate Countries,2021,60.4183,61.906998,-1.4886976806640604
Candidate Countries,2022,59.5013,61.357124,-1.8558243286132807
Central African Republic,2019,42.7395,45.642307,-2.902807281494141
Central African Republic,2019,42.3848,46.953197,-4.568397479248048
Central African Republic,2020,44.0076666666667,42.82792,1.1797476603190447
Central African Republic,2020,44.4828,42.313015,2.169785015869138
Central African Republic,2021,43.7928333333333,43.80846,-0.015626902262404485
Central African Republic,2021,44.3494,43.69532,0.6540798706054716
Central African Republic,2022,43.7928333333333,43.8724,-0.07956504313154511
Central African Republic,2022,43.8826,43.69532,0.18727987060546525
Central African Republic,2023,45.1994,43.498787,1.7006130737304659
Central and Eastern Europe,2019,72.6929,72.82927,-0.13636940917969298
Central and Eastern Europe,2020,72.853,74.068985,-1.215984985351568
Central and Eastern Europe,2021,73.0405,74.198044,-1.157543823242193
Central and Eastern Europe,2022,72.1779,74.00688,-1.8289817138671935
Chad,2019,31.841,30.306637,1.5343631896972667
Chad,2019,35.012,33.65933,1.352671539306641
Chad,2020,30.8181428571429,30.237312,0.5808305402483676
Chad,2020,34.0308,34.9313,-0.9005011169433601
Chad,2021,30.5271428571429,29.94193,0.585212086268875
Chad,2021,33.5578,33.622066,-0.06426649780273408
Chad,2022,30.5271428571429,30.069204,0.4579385266985625
Chad,2022,31.785,33.555244,-1.770244445800781
Chad,2023,31.4786,29.504078,1.974522088623047
Chile,2019,77.5879,78.27159,-0.6836911865234327
Chile,2019,79.4719090909091,80.947556,-1.4756464510830938
Chile,2020,76.4828,78.482605,-1.9998049804687525
Chile,2020,78.4038181818182,80.27354,-1.8697185003107109
Chile,2021,76.7509,77.04397,-0.2930682006835923
Chile,2021,77.9362727272727,78.79643,-0.8601597678444932
Chile,2022,76.7509,77.39672,-0.6458208862304673
Chile,2022,74.8563636363636,78.51785,-3.6614891468395285
Chile,2023,76.0069090909091,79.38525,-3.3783371859463642
China,2019,66.9582857142857,66.05883,0.899455453055225
China,2019,56.08325,57.225456,-1.1422062377929691
China,2020,69.7508571428571,67.27506,2.475794581821944
China,2020,56.153375,56.96052,-0.80714669799805
China,2021,70.2688571428571,68.21685,2.052006862095382
China,2021,57.09025,58.062813,-0.9725628051757838
China,2022,70.2688571428571,67.98381,2.2850467180524134
China,2022,57.838875,59.504017,-1.6651418762207015
China,2023,57.342875,63.883446,-6.540570739746094
Colombia,2019,60.9297,60.07897,0.8507281372070281
Colombia,2019,54.9396363636364,53.82172,1.1179162403453873
Colombia,2020,61.9255,60.807533,1.1179667358398433
Colombia,2020,56.3206363636364,55.29709,1.0235477405895281
Colombia,2021,60.5431,61.537403,-0.9943031066894505
Colombia,2021,49.872,55.53165,-5.659650543212891
Colombia,2022,60.5431,59.619858,0.9232422119140651
Colombia,2022,51.935,50.261257,1.673742828369143
Colombia,2023,53.4188181818182,60.243484,-6.824666315252109
Comoros,2019,60.5363333333333,62.25684,-1.7205064188639625
Comoros,2019,59.2018,60.280617,-1.0788167602539076
Comoros,2020,59.2116666666667,60.126026,-0.9143594868977516
Comoros,2020,57.3686,58.996937,-1.6283367980957024
Comoros,2021,58.7816666666667,59.332905,-0.5512381490071263
Comoros,2021,56.7374,56.85166,-0.1142616821289053
Comoros,2022,58.7816666666667,59.300247,-0.5185805257161107
Comoros,2022,52.6438,55.801674,-3.1578738891601574
Comoros,2023,53.454,58.74859,-5.294588562011718
"Congo, Dem. Rep.",2019,39.675125,39.83294,-0.15781414794921744
"Congo, Dem. Rep.",2019,31.288,30.170885,1.11711491394043
"Congo, Dem. Rep.",2020,40.906625,39.12315,1.7834751281738264
"Congo, Dem. Rep.",2020,31.7926,30.170885,1.6217149139404299
"Congo, Dem. Rep.",2021,41.16125,40.39051,0.7707394409179713
"Congo, Dem. Rep.",2021,32.2406,30.170885,2.0697149139404303
"Congo, Dem. Rep.",2022,41.16125,40.646404,0.5148457336425807
"Congo, Dem. Rep.",2022,30.8311,30.414486,0.4166140686035149
"Congo, Dem. Rep.",2023,31.0916,40.319904,-9.228304327392578
"Congo, Rep.",2019,58.1114285714286,56.814095,1.2973340279715657
"Congo, Rep.",2019,50.189,50.199665,-0.010665069580078068
"Congo, Rep.",2020,58.5064285714286,57.11947,1.3869598824637563
"Congo, Rep.",2020,50.0685555555555,49.89947,0.16908427259651404
"Congo, Rep.",2021,56.6667142857143,57.286533,-0.6198190699985915
"Congo, Rep.",2021,47.8622222222222,49.652603,-1.7903809271918618
"Congo, Rep.",2022,56.6667142857143,55.86741,0.7993055332728929
"Congo, Rep.",2022,45.7794444444445,47.592133,-1.8126881239148744
"Congo, Rep.",2023,46.8362222222222,55.518993,-8.68277115546335
Costa Rica,2019,69.5248,75.92497,-6.4001725341796885
Costa Rica,2019,77.7012727272727,77.53147,0.1698014748312886
Costa Rica,2020,69.9362,73.717804,-3.7816039550781255
Costa Rica,2020,78.5782727272727,76.543205,2.0350674660422357
Costa Rica,2021,71.1969,74.4526,-3.2556985717773443
Costa Rica,2021,79.1423636363636,76.27954,2.862822620738598
Costa Rica,2022,71.1969,75.039894,-3.842994104003907
Costa Rica,2022,77.2843636363636,75.75517,1.5291909068714062
Costa Rica,2023,75.5504545454545,77.28534,-1.7348848100142504
Cote d'Ivoire,2019,54.2725,52.229637,2.042862854003907
Cote d'Ivoire,2019,55.1307,54.712463,0.4182366210937474
Cote d'Ivoire,2020,56.22275,54.52785,1.6948988952636697
Cote d'Ivoire,2020,54.9358,54.714764,0.22103635864257853
Cote d'Ivoire,2021,56.015875,56.0597,-0.043825012207030056
Cote d'Ivoire,2021,54.7179,54.605595,0.11230536499023458
Cote d'Ivoire,2022,56.015875,56.0597,-0.043825012207030056
Cote d'Ivoire,2022,55.926,54.5214,1.4045995483398457
Cote d'Ivoire,2023,54.7457,56.643734,-1.898033978271485
Croatia,2019,74.05,76.28585,-2.2358505249023466
Croatia,2019,71.4178,71.456856,-0.03905577392578152
Croatia,2019,72.7008,73.86319,-1.162389697265624
Croatia,2020,77.2304444444445,76.60728,0.6231675279405948
Croatia,2020,70.9615,71.33591,-0.3744069824218741
Croatia,2020,72.529,72.9278,-0.3988030395507849
Croatia,2021,76.7345555555555,76.60237,0.13218433973518984
Croatia,2021,71.6783,70.89441,0.783890820312493
Croatia,2021,73.3912,74.188614,-0.7974138916015647
Croatia,2022,76.7345555555555,76.52424,0.2103169691297211
Croatia,2022,71.5289,71.25007,0.2788313354492118
Croatia,2022,72.7466,72.99437,-0.24776950683593668
Croatia,2023,72.407,73.705315,-1.2983146362304723
Cuba,2019,64.6966666666667,63.847206,0.8494605509440447
Cuba,2019,67.0296,65.928986,1.100614404296877
Cuba,2020,64.4763333333333,64.70297,-0.22663907877607414
Cuba,2020,66.7652,66.16251,0.6026862670898367
Cuba,2021,64.2248333333333,64.31025,-0.08541599527998756
Cuba,2021,66.5006,65.02285,1.477749963378912
Cuba,2022,64.2248333333333,64.28535,-0.060513651529987555
Cuba,2022,66.236,64.55714,1.678863464355473
Cuba,2023,65.4424,62.767403,2.674997351074225
Cyprus,2019,80.7702222222222,78.40727,2.3629498833550144
Cyprus,2019,73.8722,70.229645,3.6425552246093815
Cyprus,2019,67.7727,70.56253,-2.7898305175781246
Cyprus,2020,80.6711111111111,77.204956,3.4661550564236023
Cyprus,2020,75.0741,70.401535,4.672564965820314
Cyprus,2020,68.4651,71.39228,-2.9271805786132745
Cyprus,2021,80.5683333333333,78.54575,2.0225798543293934
Cyprus,2021,75.4198,71.82745,3.592346386718745
Cyprus,2021,69.7769,72.63166,-2.8547604614257835
Cyprus,2022,80.5683333333333,79.09124,1.4770934041340809
Cyprus,2022,73.0474,70.36611,2.6812882446289024
Cyprus,2022,67.1912,71.17376,-3.982559460449224
Cyprus,2023,66.7339,72.72985,-5.995950769042963
Czech Republic,2019,82.2592,85.10831,-2.849106884765618
Czech Republic,2020,83.5391,85.07878,-1.5396811279296827
Czech Republic,2021,83.9172,85.06834,-1.1511364868164122
Czech Republic,2022,83.9172,85.262314,-1.3451138427734435
Czechia,2019,77.5415,79.544945,-2.0034447631835945
Czechia,2019,83.221,82.93717,0.2838280639648474
Czechia,2020,79.2225,78.22206,1.000438842773434
Czechia,2020,82.6184545454545,81.97942,0.6390310225052787
Czechia,2021,80.0202,79.69566,0.32453654785156516
Czechia,2021,83.5008181818182,82.71336,0.7874545343572663
Czechia,2022,81.0223,80.87324,0.14906239013672007
Czechia,2022,84.5245454545454,83.33665,1.1878984208539975
Czechia,2023,84.5690909090909,83.76263,0.8064642611416843
Denmark,2019,93.3479,91.94906,1.398841467285152
Denmark,2019,89.9104,89.09689,0.8135066894531207
Denmark,2019,94.3831818181818,93.64656,0.736621149236484
Denmark,2020,92.9042,95.17056,-2.266362744140622
Denmark,2020,91.1565,90.32472,0.8317777099609316
Denmark,2020,93.4423636363636,94.06956,-0.6271935535778113
Denmark,2021,93.2551,93.531456,-0.276355993652345
Denmark,2021,91.0994,91.19774,-0.09833864746093468
Denmark,2021,94.8155454545455,94.26383,0.5517133622603438
Denmark,2022,93.2551,95.12126,-1.8661615966796887
Denmark,2022,91.1073,91.16379,-0.056487841796879934
Denmark,2022,92.9671818181818,94.06956,-1.1023753717596065
Denmark,2023,92.9671818181818,93.87716,-0.909977300470544
Djibouti,2019,58.5951666666667,59.4724,-0.8772339986165036
Djibouti,2019,54.1614,54.263786,-0.10238631591796832
Djibouti,2020,56.6551666666667,59.13742,-2.4822539876301732
Djibouti,2020,53.3678,53.785805,-0.4180047485351537
Djibouti,2021,56.8665,57.396458,-0.5299576721191386
Djibouti,2021,54.1614,53.655975,0.5054246582031254
Djibouti,2022,56.8665,56.80816,0.058341125488283296
Djibouti,2022,54.1614,53.785805,0.3755952514648442
Djibouti,2023,54.1614,56.067986,-1.9065855346679683
Dominica,2019,65.8938,65.00526,0.8885433471679676
Dominica,2020,65.1828,65.660866,-0.47806578369140595
Dominica,2021,65.1828,65.1882,-0.005401904296874704
Dominica,2022,65.1828,64.04976,1.1330410888671878
Dominican Republic,2019,58.2085,56.91768,1.2908211669921883
Dominican Republic,2019,55.3263636363636,54.453056,0.8733073009143837
Dominican Republic,2020,58.916,57.50539,1.4106098327636687
Dominican Republic,2020,55.538,55.312027,0.2259730224609342
Dominican Republic,2021,58.281,59.45623,-1.17523016357422
Dominican Republic,2021,56.0684545454545,55.444126,0.6243284163041096
Dominican Republic,2022,58.281,57.519394,0.7616060791015613
Dominican Republic,2022,55.7559090909091,55.737503,0.018406039151287246
Dominican Republic,2023,55.5466363636364,58.115574,-2.5689375194202384
EFTA Countries,2019,85.2626,84.06347,1.1991310668945374
EFTA Countries,2020,86.0225,85.96783,0.054673156738275
EFTA Countries,2021,85.6163,85.96783,-0.35152684326172334
EFTA Countries,2022,85.4849,84.36997,1.1149277709960899
East and South Asia,2019,61.7012,62.391735,-0.6905350769042968
East and South Asia,2019,55.8449090909091,55.71022,0.13468875399503588
East and South Asia,2020,61.991,62.609188,-0.6181880798339847
East and South Asia,2020,54.8476363636364,55.79643,-0.9487923167835248
East and South Asia,2021,61.6541,62.391735,-0.7376350769042972
East and South Asia,2021,54.3377272727273,54.555862,-0.21813515403051298
East and South Asia,2022,54.5582727272727,61.051052,-6.492779366233158
East and South Asia,2023,54.3399090909091,54.196255,0.14365436068449355
Eastern Europe and Central Asia,2019,60.6937777777778,61.239624,-0.5458462456597033
Eastern Europe and Central Asia,2019,58.9665,57.962738,1.0037619628906285
Eastern Europe and Central Asia,2020,61.5713333333333,61.707977,-0.13664396158857528
Eastern Europe and Central Asia,2020,59.3577,59.45188,-0.09418140869140501
Eastern Europe and Central Asia,2021,61.8602222222222,62.402576,-0.5423542243110049
Eastern Europe and Central Asia,2021,58.7868,59.83594,-1.0491413146972661
Eastern Europe and Central Asia,2022,56.6994,62.16139,-5.4619883972168
Eastern Europe and Central Asia,2023,55.2771,60.16365,-4.886550512695315
Ecuador,2019,60.9027777777778,62.462105,-1.5593270195854814
Ecuador,2019,57.2699,57.688618,-0.4187177062988283
Ecuador,2020,61.4654444444444,60.897507,0.5679377305772135
Ecuador,2020,56.6672,57.42289,-0.7556897094726551
Ecuador,2021,59.6265555555556,60.554276,-0.9277199571397148
Ecuador,2021,53.8834,56.405266,-2.521865808105467
Ecuador,2022,59.6265555555556,59.71634,-0.08978355577252728
Ecuador,2022,48.5498,53.800674,-5.250874438476565
Ecuador,2023,45.5124,58.92104,-13.408639581298829
"Egypt, Arab Rep.",2019,76.2161,70.97462,5.241482995605466
"Egypt, Arab Rep.",2019,59.2636363636364,63.620556,-4.356919514049146
"Egypt, Arab Rep.",2020,75.2004,71.46261,3.737791662597658
"Egypt, Arab Rep.",2020,58.2844545454545,65.396935,-7.112479963822842
"Egypt, Arab Rep.",2021,76.3459,70.43701,5.90888828125
"Egypt, Arab Rep.",2021,58.6930909090909,64.04163,-5.348542696866133
"Egypt, Arab Rep.",2022,76.3459,71.5399,4.805998266601563
"Egypt, Arab Rep.",2022,57.1088181818182,65.31434,-8.20552050226383
"Egypt, Arab Rep.",2023,57.7100909090909,71.28685,-13.576759066495036
El Salvador,2019,59.5051,58.38014,1.124961602783202
El Salvador,2019,56.3809090909091,54.68196,1.6989480313387872
El Salvador,2020,60.0583,60.305923,-0.24762346191405982
El Salvador,2020,60.7382727272727,57.399403,3.338870108864498
El Salvador,2021,58.4529,60.450024,-1.9971236511230472
El Salvador,2021,60.8678181818182,61.06577,-0.19795101373843949
El Salvador,2022,58.4529,58.560894,-0.10799401245117224
El Salvador,2022,61.0927272727273,60.71829,0.3744388510964427
El Salvador,2023,58.9431818181818,58.594063,0.34911901300601755
Equatorial Guinea,2019,45.6625,42.302303,3.360196685791017
Equatorial Guinea,2020,46.366,42.302303,4.063696685791015
Equatorial Guinea,2021,46.95025,45.55074,1.3995107116699188
Equatorial Guinea,2022,46.95025,46.26815,0.6820996704101532
Eritrea,2019,37.7426666666667,34.6055,3.1371673990885753
Eritrea,2020,36.8606666666667,34.77225,2.088415537516312
Eritrea,2021,37.3016666666667,37.060246,0.2414211527506822
Eritrea,2022,37.3016666666667,36.90824,0.3934253946940416
Estonia,2019,89.5552,90.3078,-0.7526002929687508
Estonia,2019,90.969,89.510864,1.458135742187494
Estonia,2019,89.8312727272727,91.74865,-1.9173768698952642
Estonia,2020,90.4415,91.394005,-0.9525048217773389
Estonia,2020,90.9151,90.153854,0.7612456298828079
Estonia,2020,89.3305454545455,91.69725,-2.366704911665437
Estonia,2021,89.4058,90.89253,-1.4867323486328132
Estonia,2021,91.218,90.16833,1.0496726684570348
Estonia,2021,89.8762727272727,91.4908,-1.6145262229226063
Estonia,2022,89.4058,90.90247,-1.496673449707032
Estonia,2022,91.232,90.153854,1.0781456298828118
Estonia,2022,90.0569090909091,91.94421,-1.887297146883867
Estonia,2023,90.2453636363636,91.3501,-1.1047340198863935
Eswatini,2019,56.5011111111111,55.509617,0.99149425930446
Eswatini,2019,61.8474285714286,61.756996,0.09043241664344492
Eswatini,2020,56.9795555555556,56.44735,0.5322060072157555
Eswatini,2020,62.8311428571429,61.786232,1.0449108625139942
Eswatini,2021,56.6436666666667,56.64568,-0.0020128072102565397
Eswatini,2021,60.5557142857143,62.309895,-1.754180276053276
Eswatini,2022,56.6436666666667,56.630856,0.01281110636396221
Eswatini,2022,58.0231428571429,59.964077,-1.9409341387067087
Eswatini,2023,61.5618571428571,56.911312,4.650545039585616
Ethiopia,2019,42.544,44.913845,-2.3698450622558624
Ethiopia,2019,38.9447,34.586807,4.357892749023435
Ethiopia,2020,42.1823333333333,42.885616,-0.7032829691569376
Ethiopia,2020,38.3978,39.559223,-1.1614231750488315
Ethiopia,2021,42.2007777777778,42.72733,-0.5265514763725889
Ethiopia,2021,38.2752,38.259537,0.015663256835935613
Ethiopia,2022,42.2007777777778,42.672752,-0.47197460259329205
Ethiopia,2022,34.7341,36.27699,-1.542888983154299
Ethiopia,2023,32.6934,41.597576,-8.904176141357425
European Union,2019,81.2044,80.73531,0.46908658447266305
European Union,2019,74.553,75.31921,-0.7662062377929715
European Union,2020,81.952,80.790726,1.1612742919921857
European Union,2020,74.5167,75.29307,-0.7763679321289061
European Union,2021,81.8007,80.849014,0.9516857177734437
European Union,2021,74.5494,75.21462,-0.6652224975585881
European Union,2022,73.4843,75.85232,-2.368017810058589
Fiji,2019,79.5762,78.05829,1.51791142578125
Fiji,2019,76.2375714285714,79.08512,-2.8475497262137566
Fiji,2020,79.5532,78.689926,0.8632738525390664
Fiji,2020,76.1732857142857,79.08512,-2.911835440499459
Fiji,2021,79.4074,78.073616,1.3337839721679643
Fiji,2021,77.2777142857143,78.86675,-1.5890383387974225
Fiji,2022,79.4074,78.3547,1.0527018188476518
Fiji,2022,72.3848571428571,78.70608,-6.321220432826493
Fiji,2023,76.4578571428572,77.53039,-1.0725307355607754
Finland,2019,93.5576,92.76636,0.7912425781249937
Finland,2019,90.6165,89.55776,1.0587378540039083
Finland,2019,92.3882727272727,92.996735,-0.6084618918679183
Finland,2020,94.2369,92.97779,1.2591091674804744
Finland,2020,87.6462,91.43865,-3.7924520385742255
Finland,2020,92.7496363636364,92.798355,-0.04871873890266443
Finland,2021,94.1074,92.98981,1.1175928710937484
Finland,2021,87.5053,88.76913,-1.2638268920898383
Finland,2021,93.1224545454546,93.00695,0.11550416703663302
Finland,2022,94.1074,92.52205,1.5853510498046859
Finland,2022,87.6538,87.97527,-0.3214731323242148
Finland,2022,93.2086363636364,92.84161,0.36702259410515126
Finland,2023,92.934,92.12812,0.8058795776367162
France,2019,74.8296,75.070274,-0.24067435302734452
France,2019,62.7567,66.46272,-3.7060227783203104
France,2019,76.5672727272727,77.03046,-0.4631838156960555
France,2020,74.987,72.791504,2.1954960937499948
France,2020,59.1899,66.53421,-7.3443102050781235
France,2020,75.4345454545455,74.350815,1.0837306352095624
France,2021,75.4727,73.776024,1.6966761352539095
France,2021,59.6749,65.16279,-5.48788839111328
France,2021,76.2356363636364,74.7423,1.4933344227184335
France,2022,75.4727,73.26801,2.204686999511722
France,2022,59.6713,65.518295,-5.846995288085935
France,2022,75.1920909090909,74.96552,0.2265681429776123
France,2023,75.0946363636364,71.03844,4.056199473987959
Gabon,2019,44.000625,44.51259,-0.5119635009765631
Gabon,2019,41.1198,41.921978,-0.802177996826174
Gabon,2020,43.5495,43.81362,-0.2641215209960919
Gabon,2020,40.6542,41.04897,-0.3947692687988251
Gabon,2021,43.464875,43.096302,0.36857296752929614
Gabon,2021,40.4948,40.62569,-0.13089046020508022
Gabon,2022,43.464875,42.944298,0.5205772094726555
Gabon,2022,40.4415,40.239056,0.2024443664550759
Gabon,2023,42.3572,42.68122,-0.3240210083007824
"Gambia, The",2019,54.55425,52.91733,1.6369183044433626
"Gambia, The",2019,49.6277,48.229244,1.3984557678222629
"Gambia, The",2020,55.338375,54.16811,1.170265106201171
"Gambia, The",2020,49.6484,49.648796,-0.00039608154296644216
"Gambia, The",2021,55.313375,55.021687,0.2916884460449225
"Gambia, The",2021,44.179,49.20267,-5.023671051025389
"Gambia, The",2022,55.313375,54.70315,0.6102232971191413
"Gambia, The",2022,43.3658,43.715996,-0.3501957885742186
"Gambia, The",2023,42.9876,55.179333,-12.191732733154296
Georgia,2019,82.7722,81.35566,1.4165405151367167
Georgia,2019,77.8630909090909,78.881485,-1.0183940762606625
Georgia,2020,83.4257,81.14586,2.2798412353515687
Georgia,2020,77.5230909090909,78.75451,-1.2314180630770721
Georgia,2021,83.1108,81.20884,1.9019605834960913
Georgia,2021,77.1698181818182,78.75451,-1.584690790349768
Georgia,2022,83.1108,81.14586,1.96494123535156
Georgia,2022,75.1105454545454,78.53927,-3.4287230391069414
Georgia,2023,73.5661818181818,79.14856,-5.5823777521306965
Germany,2019,84.3584,85.73184,-1.3734420410156218
Germany,2019,82.0304,81.64536,0.38503714599609395
Germany,2019,89.8021818181818,89.26566,0.5365186712091372
Germany,2020,85.3311,86.724815,-1.3937153686523374
Germany,2020,87.0009,84.23654,2.7643582519531265
Germany,2020,90.4925454545454,90.050385,0.4421609330610181
Germany,2021,84.1893,86.88429,-2.6949926025390596
Germany,2021,86.4908,85.53629,0.9545069702148368
Germany,2021,89.953,89.93118,0.021817138671877956
Germany,2022,84.1893,86.88429,-2.6949926025390596
Germany,2022,84.822,84.333336,0.488664123535159
Germany,2022,88.8812727272727,89.924095,-1.042822426535892
Germany,2023,89.1019090909091,89.56757,-0.46566445645417787
Ghana,2019,69.2041,71.080345,-1.876245153808597
Ghana,2019,68.4342727272727,68.85782,-0.42354587624292606
Ghana,2020,69.1534,71.62764,-2.4742397705078076
Ghana,2020,68.1933636363636,68.740486,-0.5471225086559315
Ghana,2021,69.4616,70.87529,-1.4136899169921833
Ghana,2021,68.4774545454545,68.52548,-0.048027632279868726
Ghana,2022,69.4616,70.81914,-1.3575375732421833
Ghana,2022,65.738,68.03113,-2.2931279296875005
Ghana,2023,65.791,68.737305,-2.946304687500003
Greece,2019,74.6718,74.522194,0.14960609130859837
Greece,2019,68.6105,68.87814,-0.2676433105468732
Greece,2019,76.6190909090909,76.45876,0.1603277865323065
Greece,2020,77.7032,75.71644,1.9867617065429641
Greece,2020,67.8454,68.72505,-0.8796518798828146
Greece,2020,76.6932727272727,76.4651,0.22816957785863679
Greece,2021,76.8391,75.4696,1.3695031372070332
Greece,2021,67.0838,68.16871,-1.0849088012695347
Greece,2021,75.7482727272727,76.406456,-0.6581832663796376
Greece,2022,76.8391,75.91574,0.923359033203127
Greece,2022,64.3596,67.717804,-3.3582039550781246
Greece,2022,72.8879090909091,75.521736,-2.6338270541104265
Greece,2023,72.8359090909091,69.46449,3.3714162930575355
Grenada,2019,76.1776,78.51212,-2.334523107910158
Grenada,2020,77.316,77.22156,0.0944423828125025
Grenada,2021,77.316,77.41261,-0.09661291503906
Grenada,2022,77.316,76.88733,0.4286708984375025
Guatemala,2019,52.7456666666667,50.275227,2.4704400736491223
Guatemala,2019,45.3784,44.366657,1.011742742919921
Guatemala,2020,52.4205555555556,52.52002,-0.09946397569439824
Guatemala,2020,44.8509,45.952534,-1.1016337219238252
Guatemala,2021,51.9903333333333,52.51012,-0.5197870585124065
Guatemala,2021,45.189,44.8096,0.37939916992187506
Guatemala,2022,51.9903333333333,51.69495,0.295383229573531
Guatemala,2022,40.6642,44.52273,-3.8585317810058584
Guatemala,2023,39.3528,51.32587,-11.973070513916014
Guinea,2019,46.4761111111111,48.183895,-1.7077839999728823
Guinea,2019,44.7026,45.334076,-0.6314759277343782
Guinea,2020,43.6366666666667,46.209106,-2.5724397786458013
Guinea,2020,44.606,43.590218,1.0157824096679704
Guinea,2021,44.5837777777778,43.382565,1.201213233100063
Guinea,2021,43.3169,43.590218,-0.2733175903320344
Guinea,2022,44.5837777777778,43.9963,0.5874780341254535
Guinea,2022,41.9998,42.164177,-0.16437694091796828
Guinea,2023,42.1633,43.962673,-1.7993731872558598
Guinea-Bissau,2019,56.9445714285714,56.633884,0.3106869986397598
Guinea-Bissau,2019,55.5928571428571,55.635353,-0.042495945521807243
Guinea-Bissau,2020,56.9071428571429,56.573406,0.3337366376604791
Guinea-Bissau,2020,55.4514285714286,55.54995,-0.09852107456749337
Guinea-Bissau,2021,57.1584285714286,56.431973,0.7264560677664917
Guinea-Bissau,2021,55.6448571428571,55.54995,0.09490749686100486
Guinea-Bissau,2022,57.1584285714286,56.51883,0.6395992257254761
Guinea-Bissau,2022,53.1061428571429,55.512688,-2.4065448259625697
Guinea-Bissau,2023,52.4498571428571,56.45074,-4.000883671351886
Guyana,2019,64.2697777777778,64.51185,-0.24207067192922693
Guyana,2019,57.7140909090909,59.54091,-1.8268179043856634
Guyana,2020,63.9611111111111,63.04342,0.9176922268337577
Guyana,2020,56.6909090909091,57.556778,-0.8658688631924605
Guyana,2021,63.8291111111111,62.722073,1.107038509792737
Guyana,2021,57.3780909090909,56.589,0.7890902071866037
Guyana,2022,63.8291111111111,63.013706,0.8154049038357059
Guyana,2022,58.0197272727273,57.611355,0.4083724448464423
Guyana,2023,54.9307272727273,62.82531,-7.894582480690666
Haiti,2019,44.9023,45.830616,-0.9283159973144564
Haiti,2019,39.5000909090909,40.97906,-1.478970217618084
Haiti,2020,44.7309,44.95216,-0.22125988159179855
Haiti,2020,38.1699090909091,39.85831,-1.6884016085537894
Haiti,2021,44.864,44.57459,0.2894112243652316
Haiti,2021,37.336,37.572983,-0.23698278808593898
Haiti,2022,44.864,44.95216,-0.08815988159179966
Haiti,2022,33.8438181818182,37.142902,-3.299084192449378
Haiti,2023,32.2093636363636,44.641373,-12.432009044300464
High-income Countries,2019,78.5680909090909,79.47144,-0.9033522671786329
High-income Countries,2020,78.3913636363636,79.261,-0.8696379505504694
High-income Countries,2021,78.559,79.36187,-0.8028698120117213
High-income Countries,2022,77.4375454545455,79.18336,-1.7458117842240313
High-income Countries,2023,76.9679090909091,77.80879,-0.8408830233487095
Honduras,2019,47.5053333333333,48.14918,-0.6438480326334997
Honduras,2019,41.4985454545455,41.84421,-0.3456661238236407
Honduras,2020,45.4475555555556,47.65711,-2.209552751329163
Honduras,2020,41.1944545454545,41.84421,-0.6497570329146427
Honduras,2021,43.9485555555556,46.11006,-2.161506089952212
Honduras,2021,41.8864545454545,41.09564,0.7908162703080137
Honduras,2022,43.9485555555556,44.397144,-0.4485887620713527
Honduras,2022,40.3585454545455,41.951447,-1.5929010786576256
Honduras,2023,40.3585454545455,43.866806,-3.508260575727938
Hungary,2019,75.5976,70.85071,4.7468919921875
Hungary,2019,63.476,66.21239,-2.7363870849609384
Hungary,2019,72.1823636363636,73.619385,-1.437021129261396
Hungary,2020,76.7995,71.46527,5.334229003906245
Hungary,2020,63.6059,66.18315,-2.577251245117189
Hungary,2020,71.3744545454545,73.74272,-2.36826701216269
Hungary,2021,76.1849,71.47534,4.709558203124999
Hungary,2021,64.6175,65.82014,-1.2026370239257744
Hungary,2021,71.6863636363636,73.74131,-2.0549464832653115
Hungary,2022,76.1849,71.92587,4.259027197265624
Hungary,2022,63.5965,65.47494,-1.8784374389648448
Hungary,2022,69.1620909090909,73.79169,-4.629596102627843
Hungary,2023,69.7643636363636,69.197945,0.5664189952503165
Iceland,2019,95.7546666666667,95.19707,0.5575994059245062
Iceland,2019,93.1421428571429,93.79702,-0.6548771013531933
Iceland,2019,94.2731428571429,95.58035,-1.3072099260602243
Iceland,2020,94.6564444444444,94.652534,0.00390995958112228
Iceland,2020,92.2902857142857,92.58588,-0.2955907505580484
Iceland,2020,94.5891428571429,93.73602,0.8531199079241532
Iceland,2021,94.4697777777778,94.645805,-0.1760275811089258
Iceland,2021,92.0502857142857,92.77968,-0.7293926304408558
Iceland,2021,93.7711428571429,93.73602,0.035119907924155314
Iceland,2022,94.4697777777778,93.38605,1.083730414496543
Iceland,2022,91.6542857142857,92.58588,-0.9315907505580441
Iceland,2022,93.1937142857143,93.73602,-0.542308663504457
Iceland,2023,92.0538571428572,92.7863,-0.7324435163224905
India,2019,57.4733333333333,60.43215,-2.958818461100293
India,2019,55.5088,55.505608,0.003192395019532057
India,2020,56.1017777777778,57.990627,-1.8888495110405614
India,2020,53.9335,55.250828,-1.3173277893066384
India,2021,54.347,56.517334,-2.1703339843749987
India,2021,53.1561,53.554237,-0.3981373657226541
India,2022,54.347,54.83348,-0.4864808349609362
India,2022,51.1418,52.71836,-1.5765609008789028
India,2023,50.8013,54.240936,-3.4396362792968773
Indonesia,2019,71.0317777777778,69.82263,1.2091459418403048
Indonesia,2019,67.1034,66.8581,0.24529910888671225
Indonesia,2020,70.0482222222222,69.59977,0.4484526299370373
Indonesia,2020,66.4399,67.639595,-1.1996950317382868
Indonesia,2021,71.2727777777778,69.84943,1.4233515082465544
Indonesia,2021,67.004,66.68839,0.31560736083984864
Indonesia,2022,71.2727777777778,70.569,0.7037775336371794
Indonesia,2022,64.3983,67.33713,-2.938827685546869
Indonesia,2023,64.7899,68.58322,-3.793321435546872
"Iran, Islamic Rep.",2019,63.866625,66.9499,-3.083272766113282
"Iran, Islamic Rep.",2019,60.6109,61.257694,-0.6467942443847647
"Iran, Islamic Rep.",2020,63.8125,65.10229,-1.2897872924804688
"Iran, Islamic Rep.",2020,59.7534,61.069347,-1.3159473815917977
"Iran, Islamic Rep.",2021,62.622875,65.20207,-2.579197143554687
"Iran, Islamic Rep.",2021,60.2312,60.48975,-0.25854990844726444
"Iran, Islamic Rep.",2022,62.622875,64.4639,-1.8410227050781245
"Iran, Islamic Rep.",2022,59.1066,60.86363,-1.7570283874511716
"Iran, Islamic Rep.",2023,58.9743,62.858227,-3.8839267761230474
Iraq,2019,67.0295714285714,65.77248,1.2570952322823388
Iraq,2019,64.619,62.7287,1.8903012695312498
Iraq,2020,67.4051428571429,67.04537,0.3597708478655619
Iraq,2020,63.8776666666667,64.34623,-0.4685628865559579
Iraq,2021,67.2411428571429,68.50519,-1.2640451311383458
Iraq,2021,64.2491666666667,64.088,0.16116923014325835
Iraq,2022,67.2411428571429,66.788025,0.4531179547991542
Iraq,2022,62.711,64.088,-1.376997436523439
Iraq,2023,62.711,65.58351,-2.872511352539064
Ireland,2019,89.3579,89.0135,0.3444036010742195
Ireland,2019,81.1412,83.23063,-2.0894289672851585
Ireland,2019,88.7752727272727,89.09057,-0.31529581520777583
Ireland,2020,89.2073,88.96329,0.2440126464843786
Ireland,2020,81.5029,82.23177,-0.728873376464847
Ireland,2020,89.0481818181818,89.193474,-0.14529199773616597
Ireland,2021,88.5177,89.16408,-0.6463777587890576
Ireland,2021,82.4751,82.337425,0.13767476806640389
Ireland,2021,88.881,89.031235,-0.15023474121093727
Ireland,2022,88.5177,88.75369,-0.23599262695312007
Ireland,2022,82.4785,82.613686,-0.13518560791015943
Ireland,2022,89.7699090909091,89.11663,0.6532785367098768
Ireland,2023,89.3134545454545,88.446396,0.8670586714310673
Israel,2019,73.3258888888889,72.9362,0.38968588595921005
Israel,2019,70.2427142857143,71.83893,-1.5962139369419504
Israel,2020,73.994,72.96358,1.0304227294921873
Israel,2020,70.2418571428571,71.91611,-1.674250034877275
Israel,2021,73.2527777777778,73.0343,0.2184760199652942
Israel,2021,69.9347142857143,71.91611,-1.981392892020068
Israel,2022,73.2527777777778,73.01582,0.2369544135199817
Israel,2022,67.9897142857143,72.48982,-4.500108101981013
Israel,2023,65.899,70.18364,-4.284639526367187
Italy,2019,77.6488,76.47655,1.1722527587890568
Italy,2019,71.3833,69.350334,2.0329658325195368
Italy,2019,71.9628181818182,72.37251,-0.4096946355646196
Italy,2020,78.9173,77.34125,1.5760524414062473
Italy,2020,70.9137,69.89854,1.0151633178710995
Italy,2020,72.0536363636364,71.21472,0.8389146839489001
Italy,2021,78.6552,77.35094,1.304263110351556
Italy,2021,71.9468,69.89854,2.04826331787109
Italy,2021,72.8722727272727,72.514275,0.3579981301047326
Italy,2022,78.6552,77.76844,0.8867597534179623
Italy,2022,70.4144,71.510086,-1.095686059570312
Italy,2022,71.2953636363636,71.05842,0.23694536243782238
Italy,2023,71.6059090909091,73.723335,-2.117426175204187
Jamaica,2019,66.6075,66.96278,-0.3552838134765608
Jamaica,2019,60.4136363636364,61.664635,-1.2509983409534442
Jamaica,2020,68.0131,66.82839,1.1847079711914006
Jamaica,2020,62.0868181818182,61.365295,0.7215227716619523
Jamaica,2021,66.1561,66.859116,-0.7030156005859425
Jamaica,2021,62.5139090909091,62.55549,-0.04157949551667883
Jamaica,2022,66.1561,66.12333,0.03277083740233877
Jamaica,2022,61.4306363636364,62.37248,-0.9418421214710193
Jamaica,2023,60.2847272727273,65.21568,-4.930955710671135
Japan,2019,90.4862,90.88021,-0.3940108764648471
Japan,2019,89.2209090909091,91.39139,-2.170478848544022
Japan,2020,90.6697,91.80449,-1.1347891357421815
Japan,2020,88.8051818181818,91.278534,-2.4733521173650814
Japan,2021,90.3592,90.95876,-0.5995631225585925
Japan,2021,89.2628181818182,90.78566,-1.5228416082208582
Japan,2022,90.3592,90.9223,-0.5631022460937487
Japan,2022,87.5866363636364,91.054924,-3.4682876475940674
Japan,2023,87.1604545454546,90.47442,-3.3139640946821203
Jordan,2019,74.4664,74.477005,-0.010605004882819458
Jordan,2019,70.8161818181818,70.678055,0.13812700861149096
Jordan,2020,76.8285,74.94034,1.8881618652343803
Jordan,2020,69.5225454545454,70.1737,-0.6511529707475745
Jordan,2021,77.4146,76.04181,1.372790917968743
Jordan,2021,67.9885454545454,71.253494,-3.26494880814991
Jordan,2022,77.4146,75.57797,1.836627587890618
Jordan,2022,66.8084545454545,69.20248,-2.3940219560103486
Jordan,2023,65.8623636363636,72.41029,-6.547929942737966
Kazakhstan,2019,69.9781111111111,68.51038,1.4677275051540732
Kazakhstan,2019,62.7011,63.312946,-0.6118463195800814
Kazakhstan,2020,67.6805555555556,69.67418,-1.9936235215928377
Kazakhstan,2020,63.9188,64.39691,-0.4781116210937526
Kazakhstan,2021,68.7262222222222,68.26187,0.46435088433158
Kazakhstan,2021,64.3983,64.65039,-0.2520906249999939
Kazakhstan,2022,68.7262222222222,69.349205,-0.6229827948676387
Kazakhstan,2022,64.1551,64.83766,-0.682561743164058
Kazakhstan,2023,63.0582,70.25107,-7.192868115234376
Kenya,2019,58.7763333333333,59.838963,-1.0626292215983426
Kenya,2019,54.0895,53.87854,0.21095996093750102
Kenya,2020,58.6053333333333,60.329235,-1.7239017435709982
Kenya,2020,53.7399,53.683617,0.05628336181640492
Kenya,2021,57.1048888888889,59.08516,-1.9802704128689115
Kenya,2021,52.916,53.7751,-0.8591007080078157
Kenya,2022,57.1048888888889,56.67951,0.4253806796603854
Kenya,2022,53.2422,52.65168,0.5905200073242156
Kenya,2023,50.7413,56.47305,-5.731749163818357
Kiribati,2019,85.8852,85.84192,0.043281054687497544
Kiribati,2020,85.8852,85.84192,0.043281054687497544
Kiribati,2021,85.8852,85.84192,0.043281054687497544
Kiribati,2022,85.8852,85.84192,0.043281054687497544
"Korea, Dem. Rep.",2019,58.87,60.375786,-1.5057858276367213
"Korea, Dem. Rep.",2020,59.1346,58.379185,0.7554152770996083
"Korea, Dem. Rep.",2021,58.6054,59.248165,-0.6427651306152313
"Korea, Dem. Rep.",2022,58.6054,59.96982,-1.364418115234372
"Korea, Rep.",2019,75.9238888888889,78.27399,-2.3500979275173535
"Korea, Rep.",2019,80.5187,81.08046,-0.561759594726567
"Korea, Rep.",2020,78.3027777777778,79.25827,-0.9554924858940694
"Korea, Rep.",2020,81.3188,80.29894,1.0198574340820272
"Korea, Rep.",2021,78.4925555555556,80.22378,-1.7312222154404964
"Korea, Rep.",2021,81.6649,80.01342,1.6514798950195342
"Korea, Rep.",2022,78.4925555555556,80.29779,-1.8052349717881526
"Korea, Rep.",2022,81.0215,81.528015,-0.5065151367187468
"Korea, Rep.",2023,79.5132,82.57793,-3.06472663574219
Kuwait,2019,78.3632857142857,78.38743,-0.024142569405711356
Kuwait,2019,74.4153333333333,76.61487,-2.199534830729206
Kuwait,2020,79.7681428571428,79.48226,0.285881199427962
Kuwait,2020,74.6252222222222,76.38543,-1.7602071601020128
Kuwait,2021,79.9448571428571,78.68495,1.2599053606305404
Kuwait,2021,74.7583333333333,76.38543,-1.6270960489909214
Kuwait,2022,79.9448571428571,78.69673,1.2481255754742904
Kuwait,2022,68.6761111111111,75.34653,-6.670415988498277
Kuwait,2023,70.3426666666667,76.568405,-6.225738484700486
Kyrgyz Republic,2019,67.2741,67.58551,-0.31141025390624577
Kyrgyz Republic,2019,61.3921,62.760124,-1.3680242065429695
Kyrgyz Republic,2020,67.7301,67.64155,0.08855184326171184
Kyrgyz Republic,2020,60.7017,61.78706,-1.0853597839355444
Kyrgyz Republic,2021,67.5262,67.33594,0.1902625000000029
Kyrgyz Republic,2021,60.2718,61.78706,-1.515259783935548
Kyrgyz Republic,2022,67.5262,67.61357,-0.08737116699218461
Kyrgyz Republic,2022,59.0157,61.367393,-2.3516934936523413
Kyrgyz Republic,2023,55.7292,65.85838,-10.129183178710939
Lao PDR,2019,47.2807142857143,46.509468,0.7712462071010222
Lao PDR,2019,43.8142,43.44372,0.3704782287597652
Lao PDR,2020,46.2947142857143,47.264687,-0.969972298758357
Lao PDR,2020,43.8142,43.44372,0.3704782287597652
Lao PDR,2021,45.7034285714286,46.64841,-0.9449822256905378
Lao PDR,2021,44.0788,43.44372,0.6350782287597667
Lao PDR,2022,45.7034285714286,45.72091,-0.017480547223740928
Lao PDR,2022,44.3434,43.781548,0.5618524536132838
Lao PDR,2023,43.5496,44.82764,-1.2780405334472675
Latin America and the Caribbean,2019,59.2811,57.658794,1.6223055969238303
Latin America and the Caribbean,2019,55.1540909090909,53.908344,1.2457466402920687
Latin America and the Caribbean,2020,59.9864,59.631004,0.3553956665039095
Latin America and the Caribbean,2020,55.2192727272727,54.89826,0.321014518044187
Latin America and the Caribbean,2021,59.9998,60.214363,-0.21456309814453078
Latin America and the Caribbean,2021,54.9938181818182,55.595097,-0.6012784063165668
Latin America and the Caribbean,2022,53.2188181818182,60.033966,-6.815147882634925
Latin America and the Caribbean,2023,52.433,55.083187,-2.6501871032714845
Latvia,2019,78.9395,80.13044,-1.190939758300786
Latvia,2019,79.6174,79.12376,0.49364359130859725
Latvia,2019,79.9737272727273,81.07514,-1.101414634010979
Latvia,2020,81.142,81.32932,-0.18732281494141034
Latvia,2020,79.2756,80.165405,-0.8898052734375028
Latvia,2020,80.4333636363636,82.959946,-2.526582042347343
Latvia,2021,82.3592,83.069374,-0.710174084472655
Latvia,2021,79.76,80.165405,-0.4054052734374949
Latvia,2021,81.0902727272727,83.51331,-2.4230405661843264
Latvia,2022,82.3592,82.86569,-0.5064921386718737
Latvia,2022,79.3462,79.330345,0.015854846191402316
Latvia,2022,80.7187272727273,83.146545,-2.427818137428943
Latvia,2023,81.5453636363636,82.71484,-1.1694801136363964
Lebanon,2019,57.878,63.525146,-5.647146484375
Lebanon,2019,52.5234,55.85425,-3.3308518615722633
Lebanon,2020,58.1327777777778,58.458584,-0.3258060540093126
Lebanon,2020,53.922,52.52575,1.3962507934570283
Lebanon,2021,55.5653333333333,57.77093,-2.205597910563185
Lebanon,2021,51.246,53.713238,-2.4672377624511697
Lebanon,2022,55.5653333333333,55.940975,-0.3756418558756849
Lebanon,2022,47.8999,50.96337,-3.0634712768554664
Lebanon,2023,46.927,55.424953,-8.49795346069336
Lesotho,2019,46.1742222222222,49.3657,-3.191477545844208
Lesotho,2019,54.7818571428572,55.42472,-0.6428636213029577
Lesotho,2020,45.8225555555556,47.802055,-1.979499803331116
Lesotho,2020,54.7595714285714,54.571144,0.1884273245674919
Lesotho,2021,45.1975555555556,46.47399,-1.276435838487366
Lesotho,2021,53.8474285714286,54.522038,-0.6746089346749145
Lesotho,2022,45.1975555555556,45.713657,-0.5161018235947878
Lesotho,2022,50.9798571428571,53.442215,-2.462357822963213
Lesotho,2023,48.2417142857143,46.085724,2.155990408761177
Liberia,2019,49.82,50.489086,-0.6690861511230466
Liberia,2019,43.7232727272727,46.051304,-2.32803113625269
Liberia,2020,49.6191,49.733547,-0.11444721069335628
Liberia,2020,43.4616363636364,43.961926,-0.5002891429553955
Liberia,2021,49.5929,49.588844,0.004055700683593955
Liberia,2021,42.6875454545455,42.942005,-0.25445970292520315
Liberia,2022,49.5929,49.26788,0.32502051391601583
Liberia,2022,41.3197272727273,42.17264,-0.8529144814230918
Liberia,2023,41.6463636363636,48.84061,-7.194246867786788
Libya,2019,37.0176,34.29087,2.7267293334960954
Libya,2020,36.753,34.361233,2.3917672424316407
Libya,2021,36.7644,36.653625,0.11077451171875197
Libya,2022,36.7644,36.653625,0.11077451171875197
Liechtenstein,2019,86.1542,90.274796,-4.1205955322265595
Liechtenstein,2020,86.4314,87.91014,-1.478740991210941
Liechtenstein,2021,86.44,86.979294,-0.5392938232421898
Liechtenstein,2022,86.44,86.979294,-0.5392938232421898
Lithuania,2019,78.1287,77.94682,0.18187687988280743
Lithuania,2019,83.1218,81.72949,1.3923078124999932
Lithuania,2019,85.3967272727273,85.84286,-0.4461300881125396
Lithuania,2020,77.3708,77.11758,0.25322340087890893
Lithuania,2020,82.5272,82.20285,0.32434965820311845
Lithuania,2020,85.6147272727273,85.477295,0.13743235085229344
Lithuania,2021,78.0026,77.20247,0.8001311279296885
Lithuania,2021,84.19,82.50102,1.6889776611328102
Lithuania,2021,87.4105454545455,85.91046,1.500084028764249
Lithuania,2022,78.0026,77.80402,0.1985762573242198
Lithuania,2022,85.8104,84.087135,1.723264685058595
Lithuania,2022,88.8708181818182,86.98055,1.8902655084783504
Lithuania,2023,88.2941818181818,87.00544,1.2887420598810166
Low-income Countries,2019,42.8288181818182,42.591236,0.23758206731624654
Low-income Countries,2020,42.9449090909091,42.591236,0.3536729764071467
Low-income Countries,2021,42.8377272727273,42.83606,0.0016677024147995212
Low-income Countries,2022,40.9547272727273,42.806824,-1.8520964577414532
Low-income Countries,2023,40.1319090909091,42.808506,-2.676596921053793
Lower & Lower-middle Income,2019,52.6498181818182,51.27132,1.3784978388006195
Lower & Lower-middle Income,2020,51.7397272727273,51.985016,-0.24528859641332446
Lower & Lower-middle Income,2021,51.0949090909091,52.274086,-1.1791769076260579
Lower & Lower-middle Income,2022,49.092,51.539295,-2.4472951965332044
Lower & Lower-middle Income,2023,48.2683636363636,50.76806,-2.499695140491866
Lower-middle-income Countries,2019,54.8559090909091,53.93917,0.9167382535067574
Lower-middle-income Countries,2020,53.7973636363636,54.65469,-0.8573261524547604
Lower-middle-income Countries,2021,53.0833636363636,54.581886,-1.498522655140306
Lower-middle-income Countries,2022,51.0569090909091,53.800053,-2.743143551913164
Lower-middle-income Countries,2023,50.4628181818182,52.798244,-2.3354262945001594
Luxembourg,2019,90.0581,88.94544,1.1126578002929648
Luxembourg,2019,85.3767,85.55879,-0.1820921142578129
Luxembourg,2019,90.4438181818182,91.224495,-0.7806767522638296
Luxembourg,2020,90.4295,89.44224,0.9872621459960982
Luxembourg,2020,84.6771,85.05376,-0.3766567138671917
Luxembourg,2020,90.5224545454546,91.02419,-0.5017382646040005
Luxembourg,2021,90.2618,89.48056,0.7812396972656188
Luxembourg,2021,84.8571,85.174034,-0.3169341186523411
Luxembourg,2021,90.0276363636364,91.40779,-1.3801547740589086
Luxembourg,2022,90.2618,89.13306,1.1287433593749938
Luxembourg,2022,83.9075,82.69394,1.2135607910156239
Luxembourg,2022,90.4527272727273,91.20596,-0.7532358620383235
Luxembourg,2023,91.3286363636364,90.059105,1.269531444202812
Madagascar,2019,42.501,42.47809,0.02291162109374767
Madagascar,2019,42.4069,42.201447,0.20545346679687526
Madagascar,2020,43.3273333333333,42.77176,0.555574300130175
Madagascar,2020,43.2501,42.293224,0.9568756652832064
Madagascar,2021,43.3854444444444,42.82947,0.5559728563096371
Madagascar,2021,44.4953,42.50837,1.986930554199219
Madagascar,2022,43.3854444444444,43.016075,0.369369310167059
Madagascar,2022,41.0321,43.627438,-2.5953375915527346
Madagascar,2023,40.0769,42.86137,-2.78447008666992
Malawi,2019,55.4234,56.354176,-0.9307755676269522
Malawi,2019,60.9601818181818,60.27373,0.6864505864923487
Malawi,2020,55.4279,56.23749,-0.8095916076660146
Malawi,2020,61.5643636363636,60.27373,1.2906324046741489
Malawi,2021,55.4619,57.624756,-2.162855859375
Malawi,2021,62.1359090909091,60.98592,1.1499891385165242
Malawi,2022,55.4619,56.47038,-1.008478875732422
Malawi,2022,60.5283636363637,60.964626,-0.4362626758921593
Malawi,2023,61.1079090909091,56.451885,4.656023867520425
Malaysia,2019,72.92175,69.08535,3.836399963378909
Malaysia,2019,64.5425555555556,62.915817,1.626738294813407
Malaysia,2020,71.511625,70.07096,1.4406640014648389
Malaysia,2020,63.383,65.86924,-2.4862398071289036
Malaysia,2021,70.5395,69.329,1.2104976196289101
Malaysia,2021,61.368,64.297905,-2.9299049682617166
Malaysia,2022,70.5395,68.51703,2.022471191406254
Malaysia,2022,59.5185555555555,61.96383,-2.4452734849718425
Malaysia,2023,60.0797777777778,67.08854,-7.008761345757357
Maldives,2019,69.5446666666667,66.59192,2.9527477213542
Maldives,2019,75.4068,68.25132,7.155480114746098
Maldives,2020,73.1621666666667,71.43075,1.731418680826863
Maldives,2020,80.0398,73.74791,6.291890454101562
Maldives,2021,72.691,73.87187,-1.180871948242185
Maldives,2021,79.5794,76.31175,3.2676476806640693
Maldives,2022,72.691,74.86372,-2.17272375488281
Maldives,2022,74.8626,75.68908,-0.8264792846679683
Maldives,2023,71.6024,74.13388,-2.531480615234372
Mali,2019,56.3425,57.08176,-0.7392604064941395
Mali,2019,53.8537777777778,55.52342,-1.6696406487358715
Mali,2020,56.235,55.779373,0.45562683105468693
Mali,2020,53.9191111111111,53.272675,0.6464365505642249
Mali,2021,56.399625,55.45894,0.9406864013671878
Mali,2021,53.5832222222222,53.220238,0.36298449028860347
Mali,2022,56.399625,56.061462,0.33816259765625034
Mali,2022,50.3201111111111,52.780735,-2.4606239047580374
Mali,2023,49.4126666666667,55.608475,-6.1958080647786105
Malta,2019,79.1704444444444,75.40879,3.761653856065493
Malta,2019,66.1447,66.066414,0.07828612060546902
Malta,2019,68.933,71.99982,-3.066816894531243
Malta,2020,80.1116666666667,75.415245,4.696421610514349
Malta,2020,65.983,66.939835,-0.9568345947265584
Malta,2020,68.9694,72.1142,-3.144796777343757
Malta,2021,79.8211111111111,75.47541,4.3457006496853126
Malta,2021,66.0191,66.71749,-0.6983911499023492
Malta,2021,68.778,72.123436,-3.345435974121088
Malta,2022,79.8211111111111,75.33936,4.4817480129665626
Malta,2022,65.1306,65.01841,0.11219027099609491
Malta,2022,67.3781,73.37846,-6.000363745117184
Malta,2023,67.2552,69.904106,-2.6489061401367167
Marshall Islands,2019,76.0028375000001,75.210915,0.7919228881836915
Marshall Islands,2020,76.0028375000001,75.210915,0.7919228881836915
Marshall Islands,2021,76.0028375000001,75.210915,0.7919228881836915
Marshall Islands,2022,76.0028375000001,75.210915,0.7919228881836915
Mauritania,2019,48.873125,46.8355,2.0376261901855486
Mauritania,2019,48.7240909090909,47.74398,0.9801105013760534
Mauritania,2020,50.031,48.833454,1.1975458679199207
Mauritania,2020,49.2956363636364,48.54309,0.7525455433238974
Mauritania,2021,49.917375,49.546494,0.37088146972656233
Mauritania,2021,49.7029090909091,48.98671,0.71619949618254
Mauritania,2022,49.917375,49.448174,0.4692014770507811
Mauritania,2022,48.3954545454545,49.689632,-1.294177870316986
Mauritania,2023,51.4447272727273,49.952927,1.4918006369851113
Mauritius,2019,71.98475,70.521164,1.4635860595703178
Mauritius,2019,65.9333333333333,68.03231,-2.0989771525065493
Mauritius,2020,72.342875,70.86087,1.4820046386718815
Mauritius,2020,64.595,66.91851,-2.32351043701172
Mauritius,2021,73.034125,70.6033,2.430822998046878
Mauritius,2021,64.559,65.654305,-1.0953045043945338
Mauritius,2022,73.034125,71.072845,1.961279541015628
Mauritius,2022,64.0501111111111,63.783764,0.26634722561304613
Mauritius,2023,64.0766666666667,69.52758,-5.450913594563772
Mexico,2019,53.7227,53.532825,0.1898745300293001
Mexico,2019,46.7330909090909,47.86682,-1.1337303799716025
Mexico,2020,53.8567,54.12582,-0.2691201599121129
Mexico,2020,46.0685454545455,47.04392,-0.9753731550736404
Mexico,2021,54.3785,53.600918,0.7775821838378931
Mexico,2021,45.7044545454546,46.607533,-0.9030779557661006
Mexico,2022,54.3785,54.078907,0.2995929870605494
Mexico,2022,45.2058181818182,46.239185,-1.033367151433751
Mexico,2023,45.4785454545455,54.049625,-8.571079942183019
"Micronesia, Fed. Sts.",2019,76.0028375000001,76.41977,-0.41693178710927725
"Micronesia, Fed. Sts.",2020,76.0028375000001,76.41977,-0.41693178710927725
"Micronesia, Fed. Sts.",2021,76.0028375000001,76.41977,-0.41693178710927725
"Micronesia, Fed. Sts.",2022,76.0028375000001,76.41977,-0.41693178710927725
Middle East and North Africa,2019,67.34,65.65834,1.681659545898441
Middle East and North Africa,2019,58.2983,58.3906,-0.09229829711914306
Middle East and North Africa,2020,67.61425,66.94201,0.6722410278320297
Middle East and North Africa,2020,57.803,59.18787,-1.3848700256347684
Middle East and North Africa,2021,68.008125,67.04099,0.9671322631836006
Middle East and North Africa,2021,57.4499,58.56691,-1.117009790039063
Middle East and North Africa,2022,56.1186,65.394844,-9.27624405517578
Middle East and North Africa,2023,56.2459,58.106075,-1.8601752868652355
Moldova,2019,71.196,69.01059,2.185410400390623
Moldova,2019,64.2353,63.39426,0.8410395935058546
Moldova,2020,72.1474444444444,70.60713,1.5403124864365907
Moldova,2020,66.5129,65.81278,0.7001177124023457
Moldova,2021,72.9547777777778,70.24772,2.7070589667426503
Moldova,2021,66.8857,67.50492,-0.6192209594726563
Moldova,2022,72.9547777777778,71.89173,1.0630465155707753
Moldova,2022,68.8543,71.15454,-2.300241015625005
Moldova,2023,69.5407,72.547386,-3.0066861694335927
Monaco,2019,89.528,89.61051,-0.08251177978515045
Monaco,2020,89.528,89.61051,-0.08251177978515045
Monaco,2021,89.528,89.61051,-0.08251177978515045
Monaco,2022,89.528,89.61051,-0.08251177978515045
Mongolia,2019,64.2704,65.68472,-1.41432290039063
Mongolia,2019,65.1418181818182,65.444664,-0.3028458196466488
Mongolia,2020,66.172,66.02606,0.14593798828124704
Mongolia,2020,67.1934545454545,64.7716,2.4218557295365315
Mongolia,2021,63.9827,67.27122,-3.288517346191405
Mongolia,2021,65.6363636363636,66.874016,-1.2376521717418711
Mongolia,2022,63.9827,65.608406,-1.62570606689453
Mongolia,2022,63.4990909090909,64.90738,-1.4082882412997222
Mongolia,2023,62.0160909090909,65.108154,-3.0920633877841013
Montenegro,2019,74.5013333333333,73.967354,0.5339795125325253
Montenegro,2019,70.6598181818182,71.35235,-0.6925301458185231
Montenegro,2020,75.5016666666667,74.34538,1.156283976237006
Montenegro,2020,69.6816363636364,71.46038,-1.7787441905628185
Montenegro,2021,75.5693333333333,74.28097,1.2883656209309606
Montenegro,2021,69.6168181818182,71.37504,-1.7582199651544528
Montenegro,2022,75.5693333333333,73.92859,1.6407444661458044
Montenegro,2022,69.6483636363636,71.21004,-1.5616735950817144
Montenegro,2023,71.0319090909091,73.764435,-2.732525723544029
Morocco,2019,72.2663333333333,71.0559,1.2104327596028241
Morocco,2019,65.4911,67.23442,-1.7433207763671845
Morocco,2020,73.1745555555555,69.28309,3.891466871473469
Morocco,2020,64.019,66.90312,-2.884121948242182
Morocco,2021,73.639,70.42893,3.2100678100585895
Morocco,2021,62.6892,65.45819,-2.7689909179687504
Morocco,2022,73.639,70.85367,2.785331787109371
Morocco,2022,59.6484,64.41219,-4.763793298339841
Morocco,2023,59.7629,69.2982,-9.535302514648436
Mozambique,2019,55.3396666666667,55.246254,0.0934126993815454
Mozambique,2019,50.5781,50.63818,-0.060079779052735205
Mozambique,2020,54.8081111111111,55.91093,-1.102819522433819
Mozambique,2020,49.7943,50.63818,-0.8438797790527346
Mozambique,2021,53.3366666666667,54.969112,-1.6324457295735328
Mozambique,2021,49.2573,49.817944,-0.5606435729980461
Mozambique,2022,53.3366666666667,53.948647,-0.6119798787434547
Mozambique,2022,46.2723,49.32061,-3.0483100463867174
Mozambique,2023,46.6671,53.346745,-6.679644537353518
Myanmar,2019,65.19075,65.07219,0.1185606689453067
Myanmar,2019,59.2865454545455,60.292534,-1.0059884199662221
Myanmar,2020,65.010125,64.35395,0.6561744995117209
Myanmar,2020,58.3016363636364,59.977417,-1.6757806285511023
Myanmar,2021,59.282875,63.580795,-4.29792028808594
Myanmar,2021,50.5766363636364,57.780365,-7.203728626597972
Myanmar,2022,59.282875,59.047646,0.23522943115234085
Myanmar,2022,51.8729090909091,50.71033,1.1625781277743314
Myanmar,2023,51.5120909090909,59.60888,-8.096788180264568
Namibia,2019,67.6466666666667,69.08678,-1.4401100667317337
Namibia,2019,69.6698,68.94202,0.7277833984374951
Namibia,2020,68.1273333333333,68.90191,-0.7745755411784216
Namibia,2020,68.9144,68.68257,0.23182858886718805
Namibia,2021,67.9535555555556,69.26364,-1.310085801866279
Namibia,2021,68.1409,68.91456,-0.7736584106445292
Namibia,2022,67.9535555555556,69.3671,-1.4135480211045603
Namibia,2022,67.5822,67.658676,-0.07647614746093723
Namibia,2023,65.9822,68.84171,-2.8595129516601503
Nauru,2019,76.0028375000001,75.228,0.7748406738282227
Nauru,2020,76.0028375000001,75.228,0.7748406738282227
Nauru,2021,76.0028375000001,75.228,0.7748406738282227
Nauru,2022,76.0028375000001,75.228,0.7748406738282227
Nepal,2019,60.8626666666667,61.05407,-0.19140285237627097
Nepal,2019,56.457,56.507126,-0.05012585449218676
Nepal,2020,61.0577777777778,60.78044,0.2773364935981135
Nepal,2020,55.5300909090909,56.308796,-0.7787050198641765
Nepal,2021,60.7441111111111,60.76726,-0.023150394015850395
Nepal,2021,55.6035454545455,55.52433,0.07921531538534055
Nepal,2022,60.7441111111111,60.693676,0.050435116238055855
Nepal,2022,54.2838181818182,55.53256,-1.2487402593439114
Nepal,2023,53.9969090909091,60.05809,-6.061181119051838
Netherlands,2019,84.5893,85.02843,-0.4391271240234431
Netherlands,2019,78.2443,78.51465,-0.2703484375000045
Netherlands,2019,90.3237272727273,89.404396,0.9193312155983904
Netherlands,2020,85.1998,84.91994,0.2798628662109337
Netherlands,2020,76.4974,78.40843,-1.9110320068359385
Netherlands,2020,90.2023636363636,89.51622,0.6861435435901626
Netherlands,2021,85.1998,84.88417,0.3156294677734337
Netherlands,2021,76.5402,78.14048,-1.6002800415039076
Netherlands,2021,90.7046363636364,89.41599,1.2886436268199901
Netherlands,2022,85.1998,84.88417,0.3156294677734337
Netherlands,2022,74.4942,76.51061,-2.0164124877929623
Netherlands,2022,88.4448181818182,88.52083,-0.07601006525210607
Netherlands,2023,90.1807272727273,86.499466,3.6812613303444834
New Zealand,2019,88.9981,90.67347,-1.6753695434570375
New Zealand,2019,91.4106363636364,91.33049,0.08014625133171194
New Zealand,2020,89.1525,90.06247,-0.9099694824218716
New Zealand,2020,91.9859090909091,91.388725,0.597183810147385
New Zealand,2021,89.0699,89.88942,-0.8195195556640584
New Zealand,2021,91.6294545454545,91.40713,0.22232716508339934
New Zealand,2022,89.0699,89.77059,-0.7006917358398397
New Zealand,2022,89.7373636363636,91.08525,-1.3478872181285908
New Zealand,2023,88.7733636363636,91.16118,-2.3878149525035894
Nicaragua,2019,62.2341111111111,61.07048,1.1636307644314101
Nicaragua,2019,56.5954,57.492268,-0.8968676086425802
Nicaragua,2020,57.2553333333333,62.241093,-4.985759348551468
Nicaragua,2020,55.836,56.389973,-0.5539726867675796
Nicaragua,2021,58.2486666666667,58.492584,-0.24391756184892444
Nicaragua,2021,54.2473,56.047737,-1.8004371215820285
Nicaragua,2022,58.2486666666667,58.810925,-0.5622578633625963
Nicaragua,2022,48.9339,53.8368,-4.90289962158203
Nicaragua,2023,48.6693,57.48289,-8.813591082763672
Niger,2019,54.223,53.692257,0.5307430725097646
Niger,2019,49.1516363636364,47.208958,1.9426786915172585
Niger,2020,55.1867777777778,53.858597,1.3281809760199863
Niger,2020,50.0574545454545,49.317963,0.7394918989701225
Niger,2021,55.0096666666667,55.874752,-0.865085378011031
Niger,2021,50.186,50.212685,-0.026684631347656307
Niger,2022,55.0096666666667,55.212143,-0.20247627766923415
Niger,2022,49.666,50.181858,-0.5158580627441438
Niger,2023,48.1338181818182,54.66405,-6.530232874090004
Nigeria,2019,44.2238888888889,42.69923,1.524658694797104
Nigeria,2019,39.4826363636364,36.758183,2.7244538380016365
Nigeria,2020,41.8011111111111,43.735218,-1.9341069369846053
Nigeria,2020,36.8368181818182,39.87675,-3.0399327642267195
Nigeria,2021,41.3994444444444,42.377125,-0.9776803419325546
Nigeria,2021,36.4320909090909,37.46438,-1.032287447842691
Nigeria,2022,41.3994444444444,41.70649,-0.3070451185438827
Nigeria,2022,34.0361818181818,36.580917,-2.544735540216635
Nigeria,2023,34.9594545454545,41.587475,-6.628020277543548
North Macedonia,2019,75.4477,73.45329,1.99440715332031
North Macedonia,2019,69.6107,69.34605,0.264653552246088
North Macedonia,2019,70.4180909090909,72.310684,-1.8925932950106557
North Macedonia,2020,76.4026,74.07602,2.3265807128906317
North Macedonia,2020,68.8164,69.64347,-0.8270707641601547
North Macedonia,2020,69.3920909090909,72.91837,-3.52628219881926
North Macedonia,2021,77.7532,75.283806,2.469394152832038
North Macedonia,2021,69.3843,69.194756,0.18954444580077734
North Macedonia,2021,69.3678181818182,73.46882,-4.101000482732587
North Macedonia,2022,77.7532,75.02415,2.7290529663086005
North Macedonia,2022,68.5227,69.571724,-1.0490239379882809
North Macedonia,2022,68.3973636363637,72.99525,-4.597883250843324
North Macedonia,2023,69.6492727272727,72.633415,-2.9841424948952664
Northern Europe,2019,87.5074,86.92492,0.5824808715820353
Northern Europe,2020,87.032,86.990326,0.041674072265621476
Northern Europe,2021,86.7124,86.55994,0.15246347656250236
Northern Europe,2022,86.2623,86.1074,0.15490101318358995
Norway,2019,90.0421,90.289856,-0.2477559570312451
Norway,2019,89.523,89.13187,0.39113354492187113
Norway,2019,90.9413636363636,91.69924,-0.7578780018199893
Norway,2020,90.3212,90.8419,-0.5207036865234329
Norway,2020,89.1686,88.86521,0.3033885131835916
Norway,2020,91.1313636363636,91.61341,-0.4820473133434291
Norway,2021,90.4535,90.9537,-0.5001972045898384
Norway,2021,88.9308,88.86521,0.0655885131835987
Norway,2021,90.8609090909091,91.63171,-0.770797146883865
Norway,2022,90.4535,90.76924,-0.31574133300780716
Norway,2022,89.3868,87.81908,1.5677234619140563
Norway,2022,90.8900909090909,91.63768,-0.7475891446200364
Norway,2023,90.8900909090909,92.037476,-1.147384676846599
OECD members,2019,76.2348,76.368675,-0.13387523193358675
OECD members,2019,73.8098181818182,74.59468,-0.7848626043146112
OECD members,2020,76.5415,76.230194,0.3113059082031242
OECD members,2020,73.6387272727273,74.54875,-0.9100245583273932
OECD members,2021,76.0972,75.70834,0.38885649414062584
OECD members,2021,73.4435454545455,74.6046,-1.1610535444779373
OECD members,2022,72.5480909090909,74.51354,-1.9654512662020664
OECD members,2023,72.1002727272727,73.86292,-1.7626499411843355
Oceania,2019,62.15075,62.04153,0.10921939086914279
Oceania,2019,63.0442,61.821194,1.223006304931637
Oceania,2020,62.1505,62.177467,-0.026967346191405284
Oceania,2020,63.005,62.447838,0.5571621704101588
Oceania,2021,62.1405,62.177467,-0.036967346191403294
Oceania,2021,63.0372,62.447838,0.5893621704101548
Oceania,2022,63.0104,61.94642,1.0639812377929658
Oceania,2023,62.9762,62.437126,0.5390738403320299
Oman,2019,80.2361666666667,76.95696,3.279204081217486
Oman,2019,76.202,78.00427,-1.8022724609375018
Oman,2020,80.3175,78.87789,1.4396084594726517
Oman,2020,76.8332,77.453575,-0.6203751342773387
Oman,2021,79.8885,76.41038,3.478122497558587
Oman,2021,76.329,77.55527,-1.2262673339843815
Oman,2022,79.8885,78.06512,1.8233831176757747
Oman,2022,67.2834,75.85425,-8.570848046875
Oman,2023,68.069,75.755066,-7.686065917968747
Pakistan,2019,53.0153,52.97374,0.04156037597656592
Pakistan,2019,44.8357272727273,44.70083,0.13489872048120333
Pakistan,2020,52.3628,52.696114,-0.33331358642578124
Pakistan,2020,44.4426363636364,43.99318,0.4494570423473405
Pakistan,2021,51.2482,51.66309,-0.41488975219726854
Pakistan,2021,42.788,43.83259,-1.0445881958007845
Pakistan,2022,51.2482,50.948174,0.30002647705077834
Pakistan,2022,39.8104545454545,42.311787,-2.5013321061568305
Pakistan,2023,40.0509090909091,50.40983,-10.358919095126055
Palau,2019,76.0028375000001,76.00148,0.001357397461035248
Palau,2020,76.0028375000001,76.00148,0.001357397461035248
Palau,2021,76.0028375000001,76.00148,0.001357397461035248
Palau,2022,76.0028375000001,76.00148,0.001357397461035248
Panama,2019,65.9405,65.23289,0.7076127319335939
Panama,2019,62.4720909090909,62.817913,-0.3458221463290201
Panama,2020,66.3682,64.81682,1.5513817626953141
Panama,2020,62.5191818181818,62.293243,0.22593840997867431
Panama,2021,67.7055,65.659676,2.0458244018554694
Panama,2021,63.8384545454545,62.420982,1.4174721846146596
Panama,2022,67.7055,67.1333,0.5721992187500007
Panama,2022,62.7274545454545,63.797386,-1.0699316239790946
Panama,2023,61.8061818181818,66.309586,-4.503403753107264
Papua New Guinea,2019,55.0735,54.86909,0.2044089660644559
Papua New Guinea,2019,55.2686666666667,54.115257,1.1534094034831028
Papua New Guinea,2020,55.0365,55.00122,0.035279296874996646
Papua New Guinea,2020,55.3156666666667,55.759796,-0.44412947591142427
Papua New Guinea,2021,55.6921666666667,55.867077,-0.17491020711259608
Papua New Guinea,2021,55.8676666666667,55.8073,0.06036609903974721
Papua New Guinea,2022,55.6921666666667,56.017685,-0.3255182698567367
Papua New Guinea,2022,52.7096666666667,55.595654,-2.885986867268848
Papua New Guinea,2023,48.7946666666667,55.42468,-6.630012135823534
Paraguay,2019,52.324,52.552788,-0.22878778076172068
Paraguay,2019,49.3269090909091,49.270786,0.056122805508707074
Paraguay,2020,52.4046,51.92454,0.4800585266113302
Paraguay,2020,49.9551818181818,49.270786,0.6843955327814086
Paraguay,2021,52.9415,52.337124,0.6043761291503884
Paraguay,2021,50.9525454545455,49.958546,0.9939997697310474
Paraguay,2022,52.9415,52.778698,0.1628020324707009
Paraguay,2022,49.3896363636364,50.4677,-1.0780645946155545
Paraguay,2023,47.8971818181818,52.627964,-4.730782201593591
Peru,2019,60.8609,60.897655,-0.03675548706054599
Peru,2019,58.9678181818182,59.02131,-0.05349071710757869
Peru,2020,59.7363,61.194355,-1.4580550109863282
Peru,2020,58.1052727272727,58.89918,-0.7939086386940986
Peru,2021,60.7652,59.45131,1.3138907958984376
Peru,2021,57.4150909090909,57.315216,0.09987484463777463
Peru,2022,60.7652,60.604652,0.16054759521484385
Peru,2022,55.1621818181818,56.966972,-1.8047905328924188
Peru,2023,52.1518181818182,59.923412,-7.771594141179847
Philippines,2019,60.9314444444445,59.200665,1.7307799241808297
Philippines,2019,53.118,50.28994,2.8280601196289084
Philippines,2020,62.3526666666667,60.676655,1.6760118509928716
Philippines,2020,53.7235,52.790257,0.9332434997558607
Philippines,2021,61.6774444444445,61.808613,-0.13116837904183143
Philippines,2021,51.5056,53.581814,-2.076213812255858
Philippines,2022,61.6774444444445,61.285877,0.39156721666129357
Philippines,2022,49.0638,50.774433,-1.7106331359863276
Philippines,2023,49.5128,60.163692,-10.650892474365236
Poland,2019,81.5814,82.811516,-1.2301158081054666
Poland,2019,76.231,77.97273,-1.741732543945318
Poland,2019,78.8432727272727,79.95891,-1.1156353537819825
Poland,2020,81.5116,81.70357,-0.1919675048828111
Poland,2020,75.7473,77.746346,-1.9990455200195356
Poland,2020,79.355,79.96271,-0.607707519531246
Poland,2021,81.4845,81.78573,-0.3012284545898467
Poland,2021,75.7845,77.746346,-1.961845520019537
Poland,2021,80.029,79.96271,0.06629248046874636
Poland,2022,81.4845,81.78573,-0.3012284545898467
Poland,2022,74.214,77.14955,-2.935551391601564
Poland,2022,78.5314545454545,79.70199,-1.1705336747603496
Poland,2023,79.0797272727273,78.12284,0.9568863913796406
Portugal,2019,86.9995,87.62804,-0.6285364990234399
Portugal,2019,81.4353,84.58286,-3.1475628540039082
Portugal,2019,84.0766363636364,85.36134,-1.2847070201526662
Portugal,2020,87.8835,86.41959,1.4639061889648417
Portugal,2020,78.9955,81.64987,-2.654371826171868
Portugal,2020,83.4560909090909,83.48663,-0.03054239169034645
Portugal,2021,88.2615,85.8619,2.3995996704101543
Portugal,2021,77.9932,81.29463,-3.301431958007811
Portugal,2021,82.8067272727273,82.91444,-0.10770906760473054
Portugal,2022,88.2615,85.668205,2.5932947387695293
Portugal,2022,77.2108,79.53166,-2.3208619873046814
Portugal,2022,81.8539090909091,82.47767,-0.6237596712979325
Portugal,2023,81.512,83.38754,-1.8755427246093745
Qatar,2019,79.375,78.37914,0.9958572387695312
Qatar,2019,74.6806666666667,76.70739,-2.026723164876273
Qatar,2020,79.892375,78.45952,1.4328565673828138
Qatar,2020,74.8821666666667,76.72627,-1.8441059163411069
Qatar,2021,79.876375,78.44551,1.4308641357421834
Qatar,2021,74.895,76.72627,-1.8312725830078165
Qatar,2022,79.876375,78.44551,1.4308641357421834
Qatar,2022,70.8865,75.944214,-5.057713867187502
Qatar,2023,74.1676666666667,76.0735,-1.905834920247358
ROW,2019,59.3772,58.11767,1.2595318481445332
ROW,2020,59.6124,59.78736,-0.1749611450195303
ROW,2021,59.3529,60.03338,-0.6804786010742205
Romania,2019,76.8426666666667,77.536415,-0.6937484334309545
Romania,2019,70.2475,71.72985,-1.4823507690429665
Romania,2019,77.5352,76.95956,0.5756434204101595
Romania,2020,77.7583333333333,76.1083,1.6500340779622036
Romania,2020,71.6783,72.91058,-1.232283496093757
Romania,2020,78.5233,76.707565,1.8157346923828186
Romania,2021,77.4793333333333,77.1789,0.3004316609700197
Romania,2021,72.1928,73.92985,-1.7370477172851508
Romania,2021,79.4624,78.37258,1.0898185180664086
Romania,2022,77.4793333333333,77.76789,-0.2885575968424803
Romania,2022,70.8958,74.22254,-3.326741809082037
Romania,2022,77.437,77.84578,-0.4087794189453149
Romania,2023,77.4349,75.84743,1.5874726318359365
Russian Federation,2019,54.4238888888889,55.80979,-1.3859026760525097
Russian Federation,2019,56.1866,56.43872,-0.25212070312500146
Russian Federation,2020,56.4784444444444,57.728897,-1.2504526502821633
Russian Federation,2020,56.8372,56.958687,-0.12148682861327842
Russian Federation,2021,56.5596666666667,59.34398,-2.784312215169237
Russian Federation,2021,56.0016,57.491478,-1.4898779663085904
Russian Federation,2022,56.5596666666667,59.287613,-2.727946248372362
Russian Federation,2022,53.655,56.415634,-2.7606341552734364
Russian Federation,2023,53.3905,58.01884,-4.628340789794919
Rwanda,2019,70.0136666666667,70.180084,-0.16641756184893097
Rwanda,2019,67.1394545454546,67.18719,-0.04773264936962107
Rwanda,2020,71.0527777777778,70.81945,0.23332739935983682
Rwanda,2020,66.6183636363637,68.62225,-2.0038897816050536
Rwanda,2021,70.855,71.399475,-0.544475097656246
Rwanda,2021,66.2662727272727,67.667435,-1.4011619651101057
Rwanda,2022,70.855,70.81354,0.04146240234375398
Rwanda,2022,64.4283636363636,67.17079,-2.7424279896129633
Rwanda,2023,63.79,69.575005,-5.78500457763672
Samoa,2019,86.8466,87.370384,-0.5237842163085986
Samoa,2020,86.8466,86.30252,0.5440792480468701
Samoa,2021,86.5638,86.30252,0.2612792480468755
Samoa,2022,86.5638,86.158516,0.4052840698242193
San Marino,2019,100.0,98.885994,1.1140060424804688
San Marino,2020,100.0,98.885994,1.1140060424804688
San Marino,2021,100.0,98.885994,1.1140060424804688
San Marino,2022,100.0,98.885994,1.1140060424804688
Sao Tome and Principe,2019,75.0156666666667,75.971855,-0.9561884969075152
Sao Tome and Principe,2019,78.2578333333333,77.18208,1.0757502034504824
Sao Tome and Principe,2020,75.2361666666667,75.91955,-0.6833813680012639
Sao Tome and Principe,2020,78.4783333333333,77.38433,1.0940025838215774
Sao Tome and Principe,2021,74.7951666666667,74.79202,0.0031439615885773264
Sao Tome and Principe,2021,78.0373333333333,77.36282,0.6745098470051687
Sao Tome and Principe,2022,74.7951666666667,75.890396,-1.0952294514973602
Sao Tome and Principe,2022,78.0373333333333,76.84689,1.1904400227864187
Sao Tome and Principe,2023,78.0373333333333,76.06026,1.9770763753254812
Saudi Arabia,2019,79.091625,68.84018,10.251445556640618
Saudi Arabia,2019,71.8813333333333,66.64905,5.232285481770802
Saudi Arabia,2020,79.443625,74.87347,4.5701585083007785
Saudi Arabia,2020,71.8813333333333,75.016396,-3.1350622355143543
Saudi Arabia,2021,80.43475,75.90447,4.530277648925775
Saudi Arabia,2021,71.8813333333333,75.016396,-3.1350622355143543
Saudi Arabia,2022,80.43475,77.049866,3.384884277343744
Saudi Arabia,2022,71.4405,74.38996,-2.949461242675781
Saudi Arabia,2023,71.6608333333333,76.31689,-4.656053568522168
Senegal,2019,62.8538,62.444824,0.40897578124999967
Senegal,2019,58.8303,56.324425,2.5058752563476574
Senegal,2020,65.0683,63.6029,1.4653985412597592
Senegal,2020,58.6596,59.20884,-0.5492394165039087
Senegal,2021,63.9264,64.77839,-0.8519889770507802
Senegal,2021,58.3481,59.235985,-0.8878848022460915
Senegal,2022,63.9264,63.87845,0.047951513671876
Senegal,2022,54.5657,57.39124,-2.825539166259766
Senegal,2023,52.9761,62.137238,-9.161137548828123
Serbia,2019,74.8359,70.794685,4.041214636230464
Serbia,2019,63.5468,65.02165,-1.47485222167969
Serbia,2019,70.0854545454545,70.9261,-0.8406471391158163
Serbia,2020,74.7145,70.640236,4.074264099121095
Serbia,2020,63.584,66.190254,-2.606254211425778
Serbia,2020,69.4177272727273,70.45487,-1.0371448586203513
Serbia,2021,74.656,70.7489,3.907098632812506
Serbia,2021,63.2047,65.92473,-2.720028393554685
Serbia,2021,69.0020909090909,69.93511,-0.9330210904208229
Serbia,2022,74.656,70.70084,3.9551561889648497
Serbia,2022,62.0146,64.52298,-2.5083797363281235
Serbia,2022,67.0753636363636,70.69182,-3.6164546009410827
Serbia,2023,65.744,66.262764,-0.5187639770507815
Seychelles,2019,77.5065,73.98439,3.52210974121094
Seychelles,2020,77.6851666666667,77.03536,0.6498044230143591
Seychelles,2021,79.2813333333333,78.193214,1.0881189168293872
Seychelles,2022,79.2813333333333,77.66028,1.6210550130207935
Sierra Leone,2019,59.8282,60.454987,-0.6267865722656225
Sierra Leone,2019,54.6165454545455,53.889114,0.7274310746626895
Sierra Leone,2020,59.2243,60.293144,-1.0688442260742193
Sierra Leone,2020,53.6799090909091,54.780087,-1.1001774264248851
Sierra Leone,2021,58.926,59.708576,-0.7825762023925762
Sierra Leone,2021,51.3259090909091,53.75116,-2.42525057705965
Sierra Leone,2022,58.926,59.38789,-0.46188986206054494
Sierra Leone,2022,50.6191818181818,51.0795,-0.46031647283382426
Sierra Leone,2023,49.4590909090909,58.92376,-9.464668551358322
Singapore,2019,87.6567777777778,87.92919,-0.272413811577664
Singapore,2019,85.0953,86.39814,-1.3028399536132866
Singapore,2020,86.9307777777778,87.774765,-0.8439872368706318
Singapore,2020,83.2266,84.57241,-1.345810583496089
Singapore,2021,86.9355555555556,86.67639,0.2591639539930952
Singapore,2021,82.9265,84.75806,-1.8315566406249957
Singapore,2022,86.9355555555556,85.53502,1.4005366346571577
Singapore,2022,82.8371,84.54969,-1.7125902465820246
Singapore,2023,83.4537,84.8776,-1.4239016235351585
Slovak Republic,2019,78.4448,78.638336,-0.19353618164062425
Slovak Republic,2019,74.1975,74.50194,-0.3044378662109324
Slovak Republic,2019,77.9242727272727,78.288895,-0.36462192604761867
Slovak Republic,2020,80.6676,79.501495,1.166104638671868
Slovak Republic,2020,76.1074,74.747894,1.3595057128906234
Slovak Republic,2020,77.9935454545455,78.94308,-0.9495316328568464
Slovak Republic,2021,80.8389,79.93073,0.9081672729492141
Slovak Republic,2021,74.9517,75.06679,-0.11508771972656007
Slovak Republic,2021,77.2295454545455,78.459755,-1.2302094893021547
Slovak Republic,2022,80.8389,79.80643,1.0324729980468703
Slovak Republic,2022,75.3362,73.816574,1.5196259033203177
Slovak Republic,2022,77.5579090909091,78.79324,-1.2353343172940185
Slovak Republic,2023,77.235,78.19002,-0.9550177001953131
Slovenia,2019,86.8846,85.61083,1.2737677856445373
Slovenia,2019,80.8866,82.070465,-1.1838650878906236
Slovenia,2019,81.2926363636364,84.3803,-3.0876660655628143
Slovenia,2020,86.6912,84.81226,1.8789365112304637
Slovenia,2020,79.398,81.235466,-1.8374660034179726
Slovenia,2020,79.7803636363636,82.8018,-3.0214399525035844
Slovenia,2021,86.0533,85.22068,0.8326197631835868
Slovenia,2021,77.9481,80.1928,-2.244702429199222
Slovenia,2021,78.5825454545455,81.76901,-3.186466996626379
Slovenia,2022,86.0533,84.465225,1.5880747802734305
Slovenia,2022,77.0914,78.66269,-1.571289208984382
Slovenia,2022,77.2050909090909,81.216034,-4.010943026455976
Slovenia,2023,77.9740909090909,80.92021,-2.9461208829012833
Small Island Developing States,2019,65.0903333333333,64.02516,1.0651715901692427
Small Island Developing States,2019,62.4157142857143,61.942654,0.4730606297084421
Small Island Developing States,2020,64.9953333333333,64.08279,0.9125467732747126
Small Island Developing States,2020,62.2482857142857,61.979465,0.2688202296665594
Small Island Developing States,2021,65.2518333333333,64.16423,1.0876029866536072
Small Island Developing States,2021,62.1837142857143,62.000957,0.18275679670063028
Small Island Developing States,2022,60.1068571428571,64.15964,-4.052780308314773
Small Island Developing States,2023,58.7417142857143,61.891773,-3.150058938162651
Solomon Islands,2019,68.2688333333333,65.38809,2.88074129231768
Solomon Islands,2020,68.2688333333333,67.79533,0.4735071004231486
Solomon Islands,2021,68.4893333333333,68.20618,0.2831565755208061
Solomon Islands,2022,68.4893333333333,68.15159,0.33774489339189984
Somalia,2019,44.7484,41.977974,2.7704260620117154
Somalia,2019,26.4375,28.613087,-2.175586700439453
Somalia,2020,45.2598,43.424465,1.835334820556639
Somalia,2020,27.36975,28.647526,-1.2777757873535158
Somalia,2021,45.2542,43.91351,1.340690631103513
Somalia,2021,27.3595,28.613087,-1.2535867004394525
Somalia,2022,45.2542,43.91351,1.340690631103513
Somalia,2022,27.0885,28.613087,-1.5245867004394533
Somalia,2023,25.0,42.77114,-17.771141052246094
South Africa,2019,57.6373,56.98419,0.6531081054687533
South Africa,2019,57.2143636363636,56.405743,0.8086209910999287
South Africa,2020,60.1606,57.39344,2.767159753417971
South Africa,2020,57.3587272727273,57.135147,0.22358017800073782
South Africa,2021,59.0497,60.15317,-1.1034715393066392
South Africa,2021,57.1302727272727,57.218643,-0.0883704612038656
South Africa,2022,59.0497,59.526787,-0.47708680419921734
South Africa,2022,55.9873636363636,56.311157,-0.3237935901989033
South Africa,2023,55.4002727272727,58.956394,-3.5561214682839406
South Sudan,2019,42.2715,42.50866,-0.23715936279296557
South Sudan,2019,44.1658,43.76826,0.3975390441894504
South Sudan,2020,42.5478333333333,42.76436,-0.2165251871745113
South Sudan,2020,44.649,43.998333,0.650667022705079
South Sudan,2021,42.2406666666667,42.76436,-0.5236918538411146
South Sudan,2021,44.1116,44.06252,0.04908092651367468
South Sudan,2022,42.2406666666667,42.76436,-0.5236918538411146
South Sudan,2022,41.1282,43.969097,-2.8408971374511722
South Sudan,2023,39.2574,42.552353,-3.2949529052734405
Southern Europe,2019,73.4359,72.493256,0.9426443847656287
Southern Europe,2020,71.8512,73.23701,-1.3858071411132755
Southern Europe,2021,72.0036,73.33332,-1.3297206176757754
Southern Europe,2022,70.6021,71.54992,-0.9478191284179758
Spain,2019,81.2715,82.00446,-0.7329631958007781
Spain,2019,75.4591,75.30308,0.15602230224610025
Spain,2019,79.7048181818182,80.967026,-1.2622075750177402
Spain,2020,82.7616,81.79606,0.9655413452148451
Spain,2020,72.3728,74.42319,-2.050387255859377
Spain,2020,80.0167272727273,81.21532,-1.198589499733643
Spain,2021,83.0505,81.74559,1.304909790039062
Spain,2021,71.8628,73.950745,-2.087944628906257
Spain,2021,79.8320909090909,81.119316,-1.2872251919833246
Spain,2022,83.0505,80.55736,2.493142211914062
Spain,2022,70.7876,71.51648,-0.7288794921875024
Spain,2022,78.784,79.25786,-0.4738582763671815
Spain,2023,78.5302727272727,77.67655,0.8537209084250463
Sri Lanka,2019,65.4635,65.24324,0.22025964355468375
Sri Lanka,2019,56.2341,56.980473,-0.7463725646972676
Sri Lanka,2020,67.3439,64.90603,2.4378712524414112
Sri Lanka,2020,56.7631,55.887924,0.8751758056640639
Sri Lanka,2021,65.9465,65.97284,-0.02633935546874966
Sri Lanka,2021,55.3408,56.236885,-0.8960850708007797
Sri Lanka,2022,65.9465,64.94717,0.9993335571289066
Sri Lanka,2022,51.4174,54.705605,-3.2882045532226556
Sri Lanka,2023,50.7091,61.914463,-11.205363043212891
St. Kitts and Nevis,2019,73.24675,62.211617,11.035133483886725
St. Kitts and Nevis,2020,73.28525,65.78563,7.499620727539067
St. Kitts and Nevis,2021,73.28525,70.40159,2.8836615600585986
St. Kitts and Nevis,2022,73.28525,72.16359,1.1216605224609424
St. Lucia,2019,69.2408571428572,67.10065,2.1402101702009446
St. Lucia,2020,70.5507142857143,68.26008,2.2906358555385253
St. Lucia,2021,70.5507142857143,68.68744,1.8632753208705566
St. Lucia,2022,70.5507142857143,68.74853,1.8021867588588378
St. Vincent and the Grenadines,2019,65.8818,49.599052,16.28274757080078
St. Vincent and the Grenadines,2020,66.1588,53.458916,12.69988428955078
St. Vincent and the Grenadines,2021,66.1588,64.184456,1.9743441284179681
St. Vincent and the Grenadines,2022,66.1588,65.44414,0.7146624267578119
State of Palestine,2019,74.6222857142857,72.71088,1.9114092494419452
State of Palestine,2020,74.6517142857143,73.66593,0.9857825840541494
State of Palestine,2021,74.8374285714286,73.886925,0.9505038277762594
State of Palestine,2022,74.8374285714286,74.96595,-0.1285214407784281
Sub-Saharan Africa,2019,49.8649,49.92347,-0.05856954345703258
Sub-Saharan Africa,2019,44.916,43.786804,1.1291958007812468
Sub-Saharan Africa,2020,49.8481,49.94779,-0.09968823852538833
Sub-Saharan Africa,2020,44.3076363636364,44.54878,-0.24114217029914897
Sub-Saharan Africa,2021,49.5655,49.564995,0.0005051879882813637
Sub-Saharan Africa,2021,44.2330909090909,43.98644,0.24665215787019434
Sub-Saharan Africa,2022,42.4037272727273,49.150585,-6.746857901833245
Sub-Saharan Africa,2023,42.0780909090909,44.16719,-2.089099642666909
Sudan,2019,48.3491428571429,48.664448,-0.31530492728092696
Sudan,2019,40.9201,41.26483,-0.3447315429687521
Sudan,2020,51.843,47.92588,3.9171195678710973
Sudan,2020,41.893,41.298195,0.5948051147460944
Sudan,2021,53.0885714285714,51.989113,1.0994585745674925
Sudan,2021,41.2969,42.349823,-1.0529229980468742
Sudan,2022,53.0885714285714,52.65002,0.4385508292061644
Sudan,2022,40.3593,42.50064,-2.1413408691406275
Sudan,2023,39.8947,52.38262,-12.487921765136718
Suriname,2019,79.1087777777778,74.25465,4.854131476508272
Suriname,2019,67.3075454545455,69.38019,-2.0726425337357455
Suriname,2020,77.8953333333333,74.38267,3.5126657918293915
Suriname,2020,64.8187272727273,71.41218,-6.59345076682348
Suriname,2021,78.1295555555556,74.22495,3.9046028578016916
Suriname,2021,66.3814545454545,67.579926,-1.1984709916548724
Suriname,2022,78.1295555555556,73.85996,4.269593092176692
Suriname,2022,64.0850909090909,68.76676,-4.681670870694262
Suriname,2023,65.4410909090909,72.20648,-6.765391024502847
Sweden,2019,86.3051,88.355385,-2.0502848266601603
Sweden,2019,84.1694,83.78399,0.38541104736327725
Sweden,2019,89.0728181818182,89.30294,-0.2301221868341372
Sweden,2020,86.2269,88.40293,-2.1760312133789057
Sweden,2020,84.0638,83.43366,0.6301375854492193
Sweden,2020,89.2073636363636,89.30294,-0.09557673228874819
Sweden,2021,86.5778,88.40293,-1.82513121337891
Sweden,2021,83.4846,83.30258,0.18201821289062536
Sweden,2021,88.7984545454545,89.2005,-0.4020459428267458
Sweden,2022,86.5778,88.436066,-1.8582656738281287
Sweden,2022,82.6102,81.08127,1.528931689453131
Sweden,2022,88.3485454545455,89.05738,-0.7088352217240299
Sweden,2023,88.2282727272727,87.9931,0.23516969992894587
Switzerland,2019,85.0461111111111,83.72589,1.3202199978298523
Switzerland,2019,77.6037142857143,78.724815,-1.12110108293804
Switzerland,2019,84.0381428571429,83.78992,0.24822586495540122
Switzerland,2020,84.6403333333333,83.72589,0.9144422200520523
Switzerland,2020,79.5252857142857,79.43623,0.08905219377788853
Switzerland,2020,83.5374285714286,83.62416,-0.0867321951729565
Switzerland,2021,85.0893333333333,83.58109,1.5082404988606442
Switzerland,2021,79.3505714285714,79.43623,-0.08566209193641328
Switzerland,2021,83.4002857142857,83.62416,-0.22387505231586147
Switzerland,2022,85.0893333333333,83.624214,1.4651191609700192
Switzerland,2022,77.5992857142857,77.24767,0.35161267961773035
Switzerland,2022,81.8258571428571,83.51855,-1.6926899152483657
Switzerland,2023,82.2098571428571,81.88088,0.3289748796735097
Syrian Arab Republic,2019,41.6837142857143,47.35614,-5.672425851004448
Syrian Arab Republic,2019,54.0051666666667,53.573967,0.43119968668623443
Syrian Arab Republic,2020,41.7114285714286,42.98505,-1.2736216299874172
Syrian Arab Republic,2020,54.2256666666667,53.346687,0.8789793497721661
Syrian Arab Republic,2021,41.9184285714286,42.696556,-0.7781275198799946
Syrian Arab Republic,2021,54.0051666666667,53.534058,0.4711090494792032
Syrian Arab Republic,2022,41.9184285714286,42.909977,-0.9915483877999165
Syrian Arab Republic,2022,54.0051666666667,53.534058,0.4711090494792032
Syrian Arab Republic,2023,54.0051666666667,43.014874,10.990293162028031
Tajikistan,2019,71.3688571428571,68.581,2.787855861118814
Tajikistan,2019,64.0226,66.83847,-2.815870458984378
Tajikistan,2020,71.608,68.581,3.026998718261723
Tajikistan,2020,63.8478,65.357834,-1.510033862304688
Tajikistan,2021,72.0724285714286,68.36287,3.70955930873329
Tajikistan,2021,63.7728,65.32339,-1.5505871459960971
Tajikistan,2022,72.0724285714286,68.36287,3.70955930873329
Tajikistan,2022,61.75,64.94589,-3.195892333984375
Tajikistan,2023,60.5834,65.676834,-5.093434106445315
Tanzania,2019,53.8029,52.65036,1.152539892578126
Tanzania,2019,46.6980909090909,46.881134,-0.18304312411222412
Tanzania,2020,53.3131,53.977043,-0.6639431518554701
Tanzania,2020,44.9838181818182,46.76557,-1.7817534124200805
Tanzania,2021,52.8562,53.758575,-0.9023754394531238
Tanzania,2021,45.7573636363636,44.864864,0.8924992869983654
Tanzania,2022,52.8562,52.446453,0.4097469055175793
Tanzania,2022,43.5844545454546,45.776417,-2.191962233109855
Tanzania,2023,45.0597272727273,52.038773,-6.979045310280512
Thailand,2019,70.9445555555556,70.07179,0.8727629530165331
Thailand,2019,65.3818,65.99681,-0.6150109130859391
Thailand,2020,70.4557777777778,70.02115,0.43462909613717216
Thailand,2020,64.8361,66.458046,-1.6219459594726544
Thailand,2021,70.2644444444445,70.01499,0.24945268419060085
Thailand,2021,63.622,65.70391,-2.081910827636719
Thailand,2022,70.2644444444445,69.821304,0.4431401231554446
Thailand,2022,62.6713,63.567654,-0.8963536560058571
Thailand,2023,64.1995,68.186264,-3.986764038085937
Timor-Leste,2019,71.6888571428571,69.22679,2.462065761021165
Timor-Leste,2020,72.0727142857143,71.14329,0.9294266270228917
Timor-Leste,2021,72.423,71.03922,1.3837772827148456
Timor-Leste,2022,72.423,71.50477,0.9182316284179706
Togo,2019,49.62925,48.366177,1.2630733947753896
Togo,2019,46.299,47.04664,-0.7476384887695318
Togo,2020,49.501375,49.23678,0.26459674072265926
Togo,2020,46.1859,46.23467,-0.0487687316894565
Togo,2021,50.936,49.28995,1.6460486755371093
Togo,2021,47.3852,46.432293,0.9529070617675757
Togo,2022,50.936,50.782436,0.15356362915039057
Togo,2022,44.3019,46.922817,-2.620917230224606
Togo,2023,43.1259,50.480667,-7.354767114257811
Tonga,2019,83.6008333333333,85.12528,-1.5244489542643578
Tonga,2020,83.158,83.69728,-0.5392808837890612
Tonga,2021,83.796,84.0338,-0.23779821777343102
Tonga,2022,83.796,83.13325,0.6627526245117252
Trinidad and Tobago,2019,58.5658,59.83949,-1.273688983154294
Trinidad and Tobago,2019,55.209,55.265083,-0.05608331298827807
Trinidad and Tobago,2020,58.5656,59.431767,-0.8661665100097622
Trinidad and Tobago,2020,58.8769090909091,55.382687,3.4942224759188676
Trinidad and Tobago,2021,58.9365,59.58377,-0.6472707519531227
Trinidad and Tobago,2021,57.9989090909091,58.907036,-0.9081267367276169
Trinidad and Tobago,2022,58.9365,59.500523,-0.5640226135253883
Trinidad and Tobago,2022,56.3917272727273,56.971874,-0.5801469643332453
Trinidad and Tobago,2023,56.0148181818182,58.593117,-2.5782985784357066
Tunisia,2019,69.4192,70.24264,-0.8234376342773402
Tunisia,2019,66.8772727272727,67.46705,-0.5897759177468345
Tunisia,2020,68.8196,70.27071,-1.4511138061523496
Tunisia,2020,66.598,68.23354,-1.6355433959960948
Tunisia,2021,70.9135,70.73863,0.1748677978515616
Tunisia,2021,66.3246363636364,67.28848,-0.9638463023792241
Tunisia,2022,70.9135,70.599396,0.3141042480468741
Tunisia,2022,63.1305454545455,66.48356,-3.3530132002396584
Tunisia,2023,61.5169090909091,68.86097,-7.344060452547929
Turkey,2019,68.2018888888889,63.913822,4.288066714816637
Turkey,2020,69.087,66.83564,2.251360046386722
Turkey,2021,68.0497777777778,68.13713,-0.08735295952688205
Turkey,2022,68.0497777777778,69.60469,-1.554912773980007
Turkmenistan,2019,73.876875,74.305466,-0.4285906982421892
Turkmenistan,2019,71.33,72.36956,-1.0395602416992205
Turkmenistan,2020,73.876875,74.361015,-0.48414031982422046
Turkmenistan,2020,71.33,72.36956,-1.0395602416992205
Turkmenistan,2021,73.876875,74.361015,-0.48414031982422046
Turkmenistan,2021,71.33,72.36956,-1.0395602416992205
Turkmenistan,2022,73.876875,74.361015,-0.48414031982422046
Turkmenistan,2022,71.33,72.36956,-1.0395602416992205
Turkmenistan,2023,71.141,73.653145,-2.512144836425776
Tuvalu,2019,81.236,64.44279,16.793212829589848
Tuvalu,2020,81.236,66.151535,15.084464965820317
Tuvalu,2021,81.236,75.05898,6.1770171508789105
Tuvalu,2022,81.236,78.799965,2.436035095214848
Türkiye,2019,60.0861,60.038464,0.04763640747070497
Türkiye,2019,62.9063636363636,62.0202,0.8861648143421164
Türkiye,2020,60.9227,61.53216,-0.6094617126464854
Türkiye,2020,63.2935454545455,62.03511,1.2584349809126891
Türkiye,2021,59.7949,61.33675,-1.5418500305175797
Türkiye,2021,62.861,61.885708,0.9752921447753877
Türkiye,2022,58.9269,60.84509,-1.918188958740231
Türkiye,2022,61.7570909090909,61.671722,0.08536849698152338
Türkiye,2023,61.2799090909091,60.164486,1.1154231595126163
Uganda,2019,48.0115,48.98202,-0.9705213317871113
Uganda,2019,43.8307272727273,43.942814,-0.112086600563714
Uganda,2020,46.5817,47.83399,-1.2522881896972677
Uganda,2020,43.4559090909091,43.713078,-0.25716845425691304
Uganda,2021,46.5474,46.81823,-0.27082967529296553
Uganda,2021,43.911,42.80548,1.1055190429687514
Uganda,2022,46.5474,46.81823,-0.27082967529296553
Uganda,2022,41.8183636363636,43.618347,-1.7999835316051502
Uganda,2023,41.7520909090909,46.62154,-4.869449160489175
Ukraine,2019,64.7246,64.57983,0.1447736450195265
Ukraine,2019,64.4414545454545,63.209633,1.2318216719193487
Ukraine,2020,65.6361,66.71097,-1.074868017578126
Ukraine,2020,65.4702727272727,63.813335,1.6569373085715284
Ukraine,2021,66.4935,67.12496,-0.6314618530273464
Ukraine,2021,65.1745454545455,65.43206,-0.257514787153724
Ukraine,2022,66.4935,67.813,-1.3195035400390651
Ukraine,2022,62.6396363636364,64.85822,-2.2185865977893826
Ukraine,2023,64.7503636363636,66.718376,-1.9680125233043668
United Arab Emirates,2019,78.0026666666667,76.20269,1.7999765421549796
United Arab Emirates,2019,74.9075,75.25928,-0.35177734375000114
United Arab Emirates,2020,78.1063333333333,77.40873,0.6976037801106401
United Arab Emirates,2020,74.378,75.140305,-0.7623045654296874
United Arab Emirates,2021,77.7424444444445,77.44681,0.29563658311637653
United Arab Emirates,2021,74.1607,75.189285,-1.0285852783203069
United Arab Emirates,2022,77.7424444444445,77.61486,0.12758390977653278
United Arab Emirates,2022,71.1099,74.20543,-3.0955290771484414
United Arab Emirates,2023,70.3129,74.87887,-4.565968103027345
United Kingdom,2019,83.4555,82.90682,0.5486777954101569
United Kingdom,2019,72.9991111111111,72.76285,0.2362632107204803
United Kingdom,2019,83.9022727272727,85.3804,-1.4781288840554225
United Kingdom,2020,83.5693,81.76332,1.8059790771484359
United Kingdom,2020,71.9407777777778,72.72263,-0.7818555840386097
United Kingdom,2020,82.8213636363636,83.235146,-0.41378193248405637
United Kingdom,2021,82.1387,78.95899,3.179707995605469
United Kingdom,2021,71.9006666666667,71.467384,0.43328232828778823
United Kingdom,2021,82.5388181818182,83.19851,-0.6596910344903932
United Kingdom,2022,82.1387,78.78843,3.350270739746094
United Kingdom,2022,70.7764444444444,68.9763,1.8001413438584564
United Kingdom,2022,81.9545454545454,81.97499,-0.02044539018116609
United Kingdom,2023,81.4868181818182,78.749176,2.737642156427569
United States,2019,72.9722,73.65869,-0.6864914062499992
United States,2019,68.7852727272727,71.60763,-2.8223551413796457
United States,2020,72.8558,73.140465,-0.28466478271484164
United States,2020,68.5636363636364,70.711105,-2.1474689830432823
United States,2021,71.9672,72.89594,-0.9287426879882759
United States,2021,68.8667272727273,70.747635,-1.8809076149680095
United States,2022,71.9672,73.16326,-1.1960614135742134
United States,2022,68.3153636363636,70.77938,-2.464017161976244
United States,2023,67.1506363636364,71.794266,-4.643629383433918
Upper-middle-income Countries,2019,59.5638181818182,60.353264,-0.7894456731622697
Upper-middle-income Countries,2020,59.1663636363636,60.25835,-1.0919867359508544
Upper-middle-income Countries,2021,58.9214545454546,59.973427,-1.051972273393055
Upper-middle-income Countries,2022,59.6026363636364,60.222317,-0.6196803783069598
Upper-middle-income Countries,2023,59.2938181818182,59.73189,-0.43807345026187505
Uruguay,2019,79.665,76.83411,2.8308935546875063
Uruguay,2019,81.1161818181818,79.47828,1.6379027044122694
Uruguay,2020,81.3852,79.64499,1.7402109863281225
Uruguay,2020,82.073,82.1596,-0.08659930419922546
Uruguay,2021,81.39,80.56751,0.8224874877929693
Uruguay,2021,82.2122727272727,82.200386,0.011886679909423492
Uruguay,2022,81.39,81.040306,0.3496939086914068
Uruguay,2022,79.2420909090909,82.49993,-3.257840426358314
Uruguay,2023,78.3017272727273,81.63672,-3.3349914772726947
Uzbekistan,2019,70.8307142857143,67.694565,3.136149466378356
Uzbekistan,2019,57.5441,58.411434,-0.8673341735839841
Uzbekistan,2020,70.5044285714286,67.93391,2.5705220162528235
Uzbekistan,2020,58.5048,61.365963,-2.8611629821777314
Uzbekistan,2021,70.8567142857143,68.23774,2.6189747227260227
Uzbekistan,2021,59.408,62.0198,-2.6117982788085925
Uzbekistan,2022,70.8567142857143,68.100464,2.756250418526804
Uzbekistan,2022,59.4229,64.23668,-4.813779077148439
Uzbekistan,2023,58.4916,66.989334,-8.497734106445314
Vanuatu,2019,69.4441666666667,69.012924,0.43124247233076574
Vanuatu,2020,68.933,68.0045,0.9284986572265694
Vanuatu,2021,69.3738333333333,69.17158,0.20225587972001335
Vanuatu,2022,69.3738333333333,69.012924,0.3609091389973571
"Venezuela, RB",2019,33.3482222222222,33.469357,-0.12113431464303659
"Venezuela, RB",2019,27.6964,29.461761,-1.7653614746093744
"Venezuela, RB",2020,33.5934444444444,33.79213,-0.19868507215716136
"Venezuela, RB",2020,30.4868,29.649784,0.8370159118652332
"Venezuela, RB",2021,33.1385555555556,33.52863,-0.39007374742291745
"Venezuela, RB",2021,32.5121,29.627632,2.8844678588867154
"Venezuela, RB",2022,33.1385555555556,29.346605,3.791950254652278
"Venezuela, RB",2022,29.8365,28.774872,1.061628173828126
"Venezuela, RB",2023,29.7042,27.575188,2.1290123168945314
Vietnam,2019,64.6859,64.88709,-0.20119259033202752
Vietnam,2019,63.3801818181818,62.38813,0.9920516301935223
Vietnam,2020,66.2367,64.74293,1.4937724487304678
Vietnam,2020,63.0916363636364,62.614902,0.4767338672985062
Vietnam,2021,66.4487,67.96058,-1.511878918457029
Vietnam,2021,64.0708181818182,62.8533,1.2175199945623376
Vietnam,2022,66.4487,67.32501,-0.8763122070312477
Vietnam,2022,63.8471818181818,64.697716,-0.8505339410955415
Vietnam,2023,63.7269090909091,65.8978,-2.1708875399502716
Western Europe,2019,74.3244,75.24377,-0.9193667846679716
Western Europe,2020,75.2911,75.40515,-0.11405136718749986
Western Europe,2021,75.1523,75.097664,0.05463612060546552
Western Europe,2022,74.1119,74.777985,-0.6660846191406193
World,2019,63.4806,63.522636,-0.04203641357421617
World,2019,58.3610909090909,57.815384,0.5457069979580851
World,2020,63.7008,62.82869,0.8721104248046885
World,2020,57.7040909090909,57.92622,-0.22212903109464577
World,2021,63.3813,62.909058,0.4722423828125031
World,2021,57.2725454545455,57.55914,-0.28659379716348354
World,2022,56.1162727272727,61.839325,-5.723052223899174
World,2023,55.1730909090909,57.69689,-2.5238008755770664
"Yemen, Rep.",2019,41.084375,41.651047,-0.5666717529296861
"Yemen, Rep.",2019,38.7156666666667,38.582508,0.1331585795084962
"Yemen, Rep.",2020,42.706375,42.033604,0.6727713317871107
"Yemen, Rep.",2020,39.3233333333333,38.582508,0.740825246175099
"Yemen, Rep.",2021,42.1395,43.187653,-1.0481525878906268
"Yemen, Rep.",2021,38.936,39.919956,-0.9839562072753907
"Yemen, Rep.",2022,42.1395,42.947903,-0.8084026794433612
"Yemen, Rep.",2022,38.936,39.919956,-0.9839562072753907
"Yemen, Rep.",2023,38.936,42.31622,-3.3802193298339844
Zambia,2019,50.9739,51.226254,-0.25235350952148394
Zambia,2019,46.7487272727273,46.873226,-0.12449889304418349
Zambia,2020,50.5666,51.214916,-0.6483162292480458
Zambia,2020,45.2567272727273,47.00225,-1.7455233986594223
Zambia,2021,49.5165,50.804363,-1.2878632507324212
Zambia,2021,45.5033636363636,45.034313,0.46905043445930517
Zambia,2022,49.5165,49.6962,-0.17970132446289
Zambia,2022,44.7106363636364,46.15441,-1.4437749522815722
Zambia,2023,45.1879090909091,50.635197,-5.447287594881914
Zimbabwe,2019,48.2724,49.58885,-1.3164481140136743
Zimbabwe,2019,45.2692727272727,46.90673,-1.637457924582769
Zimbabwe,2020,49.0923,48.6624,0.4299007080078141
Zimbabwe,2020,45.322,44.989246,0.3327536315917996
Zimbabwe,2021,48.1238,49.666878,-1.5430777465820285
Zimbabwe,2021,44.4709090909091,44.970337,-0.49942782315339684
Zimbabwe,2022,48.1238,48.59085,-0.4670508300781222
Zimbabwe,2022,41.7905454545454,44.347954,-2.5574083418413167
Zimbabwe,2023,42.9277272727273,48.393356,-5.465629050514885
_HIC,2019,80.0379,80.06926,-0.03135964355469412
_HIC,2020,80.3318,80.97295,-0.6411537963867175
_HIC,2021,79.9183,81.18109,-1.2627913085937479
_LIC,2019,46.9409,47.770435,-0.8295353332519539
_LIC,2020,47.1442,47.730526,-0.5863259704589865
_LIC,2021,47.1952,47.065845,0.1293545104980467
_LMIC,2019,58.9148,59.680275,-0.7654749633789066
_LMIC,2020,58.2057,59.754326,-1.5486258666992185
_LMIC,2021,57.4217,59.58578,-2.164081097412108
_UMIC,2019,65.6903333333333,64.52568,1.164652791341112
_UMIC,2020,67.4316666666667,66.17604,1.255626017252638
_UMIC,2021,67.8968888888889,67.50223,0.3946611056857705
