country,year,actual,predicted,residual
Afghanistan,2019,50.4147777777778,54.820371475166034,-4.405593697388234
Afghanistan,2019,46.135,52.98975908854618,-6.8547590885461815
Afghanistan,2020,50.0408888888889,56.35396607199043,-6.313077183101527
Afghanistan,2020,45.4991818181818,54.69443157173325,-9.195249753551444
Afghanistan,2021,49.2045555555556,55.13818277210262,-5.933627216547016
Afghanistan,2021,44.7376363636364,54.6724125227282,-9.934776159091804
Afghanistan,2022,49.2045555555556,55.110903112709714,-5.906347557154113
Afghanistan,2022,41.9039090909091,57.88547068485547,-15.981561593946367
Afghanistan,2023,41.4229090909091,57.240489237987646,-15.817580147078544
Albania,2019,66.9942,67.5675468396961,-0.5733468396961001
Albania,2019,66.1569090909091,61.50323319813542,4.653675892773677
Albania,2020,68.3141,68.0863914541863,0.22770854581369804
Albania,2020,65.5636363636364,60.78573084928942,4.777905514346983
Albania,2021,68.6597,67.81757390539642,0.8421260946035858
Albania,2021,64.5592727272727,59.50919060067057,5.050082126602128
Albania,2022,68.6597,67.82063288311643,0.8390671168835695
Albania,2022,62.6846363636364,60.647224574120884,2.0374117895155166
Albania,2023,62.3673636363636,62.097875617805386,0.2694880185582136
Algeria,2019,69.8992,72.07988426951911,-2.1806842695191193
Algeria,2019,65.1871818181818,69.76198053556236,-4.57479871738056
Algeria,2020,70.7191,72.26085011809974,-1.541750118099742
Algeria,2020,66.8703636363636,70.98219798547801,-4.111834349114403
Algeria,2021,72.3544,72.05175585145696,0.3026441485430382
Algeria,2021,66.6710909090909,69.29894339999295,-2.6278524909020433
Algeria,2022,72.3544,72.17059998240003,0.1838000175999639
Algeria,2022,65.4679090909091,69.41455005203721,-3.946640961128111
Algeria,2023,65.1562727272727,71.6684990548714,-6.512226327598711
Andorra,2019,85.2738,61.08885156359932,24.184948436400674
Andorra,2020,84.459,60.46460365227411,23.994396347725896
Andorra,2021,84.4332,60.46554256618402,23.96765743381598
Andorra,2022,84.4332,60.46554256618402,23.96765743381598
Angola,2019,47.7595,55.180860335215385,-7.4213603352153825
Angola,2019,40.9908181818182,53.27616289976257,-12.285344717944369
Angola,2020,48.728,54.870849991844906,-6.142849991844905
Angola,2020,42.3942727272727,53.505101054922214,-11.110828327649514
Angola,2021,48.9725,55.66620829561697,-6.693708295616972
Angola,2021,42.8217272727273,53.541863217985394,-10.720135945258093
Angola,2022,48.9725,55.6631055272807,-6.690605527280702
Angola,2022,41.8403636363636,56.31642893650743,-14.47606530014383
Angola,2023,40.9445454545455,56.88739606718946,-15.942850612643959
Antigua and Barbuda,2019,86.51425,46.278813946854214,40.23543605314579
Antigua and Barbuda,2020,86.12975,46.39069438533387,39.73905561466613
Antigua and Barbuda,2021,86.12975,46.39069438533387,39.73905561466613
Antigua and Barbuda,2022,86.12975,46.39069438533387,39.73905561466613
Argentina,2019,66.154,64.89876511271517,1.2552348872848285
Argentina,2019,64.3417,64.99971345324083,-0.6580134532408266
Argentina,2020,65.4465555555556,63.91231629444616,1.5342392611094482
Argentina,2020,62.1366,62.687959454408656,-0.5513594544086544
Argentina,2021,65.4101111111111,62.64127379149911,2.768837319611997
Argentina,2021,60.683,61.55592525309666,-0.8729252530966605
Argentina,2022,65.4101111111111,62.60183423244943,2.8082768786616796
Argentina,2022,61.8166,61.36332862641321,0.45327137358679437
Argentina,2023,58.7364,62.03490424445116,-3.298504244451159
Armenia,2019,76.9414444444444,74.8980561159682,2.0433883284761976
Armenia,2019,74.8708571428571,71.32082611156227,3.5500310312948358
Armenia,2020,78.4065555555556,77.44507520904754,0.9614803465080541
Armenia,2020,76.443,73.76489036921505,2.6781096307849452
Armenia,2021,77.3953333333333,77.02906679362654,0.36626653970675704
Armenia,2021,73.9955714285714,71.95033638105059,2.045235047520805
Armenia,2022,77.3953333333333,77.02906679362654,0.36626653970675704
Armenia,2022,72.7738571428571,70.9251093493245,1.8487477935325956
Armenia,2023,73.7455714285714,71.28396012026676,2.46161130830464
Australia,2019,84.5874,82.8210677938707,1.7663322061293059
Australia,2019,87.5748181818182,82.82368938215137,4.75112879966683
Australia,2020,84.2126,83.32153246138907,0.8910675386109261
Australia,2020,86.2873636363636,83.38351549477835,2.903848141585243
Australia,2021,83.7435,81.81731366577151,1.9261863342284897
Australia,2021,85.1593636363636,81.31817560645675,3.8411880299068457
Australia,2022,83.7435,81.87225672440312,1.871243275596882
Australia,2022,84.8998181818182,82.23581641449948,2.664001767318723
Australia,2023,84.8335454545454,84.03758702752661,0.7959584270187889
Austria,2019,93.9145,85.84617330337642,8.068326696623586
Austria,2019,89.3703,86.4950692989331,2.875230701066897
Austria,2019,91.7558181818182,89.36021751265662,2.395600669161581
Austria,2020,93.3026,85.7897910267181,7.512808973281892
Austria,2020,88.387,87.38367038928178,1.0033296107182252
Austria,2020,90.5758181818182,89.75301671360214,0.8228014682160705
Austria,2021,91.2038,84.34813407792237,6.855665922077634
Austria,2021,87.2718,86.54640898399157,0.7253910160084303
Austria,2021,89.3490909090909,88.90940299058276,0.4396879185081417
Austria,2022,91.2038,84.28424394486471,6.919556055135288
Austria,2022,85.9467,85.6961000857616,0.250599914238407
Austria,2022,87.7843636363636,87.95229363851001,-0.16793000214642007
Austria,2023,87.164,84.27195126670415,2.8920487332958515
Azerbaijan,2019,72.7475,73.494196317057,-0.7466963170570011
Azerbaijan,2019,66.7475,70.80324869814652,-4.055748698146516
Azerbaijan,2020,72.7145,73.29138287930142,-0.5768828793014222
Azerbaijan,2020,65.9355,70.12513093788542,-4.189630937885411
Azerbaijan,2021,72.66275,73.29439613789603,-0.631646137896027
Azerbaijan,2021,65.9788333333333,70.21625299284324,-4.237419659509939
Azerbaijan,2022,72.66275,73.29439613789603,-0.631646137896027
Azerbaijan,2022,64.0085,67.7647724113889,-3.756272411388906
Azerbaijan,2023,64.0085,67.87158801452395,-3.863088014523953
BRICS members,2019,54.0204,61.98067568177511,-7.960275681775109
BRICS members,2020,52.7453,60.832601907570606,-8.087301907570605
BRICS members,2021,52.3855,60.767215476064756,-8.381715476064755
BRICS members,2022,52.916,60.69715705232975,-7.781157052329753
BRICS members,2023,52.6238,60.04828695257886,-7.42448695257886
BRICSplus members,2019,54.0591,62.21791462600447,-8.158814626004471
BRICSplus members,2020,52.8462,61.19408178703877,-8.347881787038766
BRICSplus members,2021,52.4878,61.11616184453812,-8.62836184453812
BRICSplus members,2022,52.7436,60.99780207388349,-8.25420207388349
BRICSplus members,2023,52.4683,60.44642048574342,-7.978120485743418
"Bahamas, The",2019,61.586,56.69154257698533,4.894457423014671
"Bahamas, The",2019,54.281875,56.282872371726526,-2.000997371726527
"Bahamas, The",2020,63.7066,58.18815675357217,5.518443246427829
"Bahamas, The",2020,55.00425,57.695066774838594,-2.690816774838595
"Bahamas, The",2021,63.971,58.504319749210474,5.466680250789523
"Bahamas, The",2021,53.7365,54.19357603230638,-0.4570760323063823
"Bahamas, The",2022,63.971,58.64436937472267,5.326630625277325
"Bahamas, The",2022,51.07025,53.80450741789891,-2.7342574178989096
"Bahamas, The",2023,51.07025,54.59316072734065,-3.5229107273406512
Bahrain,2019,70.9708571428571,67.6189353408998,3.351921801957303
Bahrain,2019,66.0426,65.63638442654747,0.4062155734525277
Bahrain,2020,71.5877142857143,67.50783432701921,4.079879958695088
Bahrain,2020,66.0426,65.63638442654747,0.4062155734525277
Bahrain,2021,71.3897142857143,67.51792219274898,3.871792092965322
Bahrain,2021,66.0426,65.63638442654747,0.4062155734525277
Bahrain,2022,71.3897142857143,67.51792219274898,3.871792092965322
Bahrain,2022,66.5716,66.34202298475213,0.22957701524786955
Bahrain,2023,66.0426,65.60587062696952,0.43672937303047377
Baltic States,2019,83.9059,85.5257745370863,-1.6198745370863037
Baltic States,2020,83.5052,85.82206282748427,-2.3168628274842717
Baltic States,2021,84.5169,85.96857673985427,-1.451676739854264
Baltic States,2022,85.162,86.18737606833913,-1.0253760683391278
Bangladesh,2019,54.0048,56.4668532819496,-2.4620532819495935
Bangladesh,2019,48.6742727272727,55.06742733529316,-6.39315460802046
Bangladesh,2020,53.5698,56.08566515704245,-2.515865157042448
Bangladesh,2020,48.1233636363636,54.88341717337511,-6.760053537011508
Bangladesh,2021,53.5212,56.01003872030552,-2.488838720305523
Bangladesh,2021,48.2354545454546,55.35172912525372,-7.116274579799118
Bangladesh,2022,53.5212,56.00089460490686,-2.479694604906861
Bangladesh,2022,46.1248181818182,55.06395568770456,-8.939137505886364
Bangladesh,2023,46.0045454545455,55.018578968960355,-9.014033514414855
Barbados,2019,70.774875,63.84350808041212,6.931366919587873
Barbados,2019,68.1928,65.71557265754538,2.4772273424546256
Barbados,2020,72.306875,64.31990635051001,7.986968649489995
Barbados,2020,71.6228,67.9155544298918,3.707245570108199
Barbados,2021,72.47225,64.87376168000158,7.598488319998424
Barbados,2021,75.3778,72.43412894414256,2.943671055857436
Barbados,2022,72.47225,64.85849901200852,7.61375098799148
Barbados,2022,74.2518,71.58829454550082,2.6635054544991874
Barbados,2023,74.7809,73.73976576786458,1.0411342321354198
Belarus,2019,74.4012222222222,74.37776055017676,0.023461672045442583
Belarus,2019,68.5020909090909,68.33153888047356,0.17055202861733676
Belarus,2020,75.4598888888889,74.74636871505152,0.7135201738373809
Belarus,2020,68.7365454545454,68.86721220965335,-0.13066675510793857
Belarus,2021,74.4082222222222,72.37505104179351,2.033171180428681
Belarus,2021,67.3427272727273,67.19053015812516,0.1521971146021457
Belarus,2022,74.4082222222222,72.44832728254634,1.9598949396758485
Belarus,2022,64.8342727272727,67.03345758916691,-2.19918486189421
Belarus,2023,64.5937272727273,67.56319414015329,-2.9694668674259788
Belgium,2019,85.3247,80.05127048608368,5.2734295139163265
Belgium,2019,79.6178,77.97072504678115,1.6470749532188478
Belgium,2019,87.9356363636364,84.64838387911888,3.2872524845175235
Belgium,2020,82.9908,80.02055598695613,2.9702440130438674
Belgium,2020,81.3812,79.56005746190289,1.8211425380971207
Belgium,2020,87.9793636363636,85.40674755220599,2.572616084157616
Belgium,2021,85.3513,79.9149568038601,5.436343196139902
Belgium,2021,81.2085,78.4762234850038,2.732276514996201
Belgium,2021,88.6832727272727,84.8213486431929,3.8619240840797886
Belgium,2022,85.3513,79.97900018727411,5.372299812725885
Belgium,2022,79.3906,78.49156696598934,0.8990330340106709
Belgium,2022,86.4496363636364,84.7334291434417,1.716207220194704
Belgium,2023,86.9477272727273,82.35751832686685,4.590208945860454
Belize,2019,62.735125,49.14398893714826,13.591136062851739
Belize,2019,55.4704,47.267724413041655,8.202675586958343
Belize,2020,65.267,51.79048780466097,13.476512195339026
Belize,2020,56.3956,48.12940377922145,8.266196220778554
Belize,2021,65.247375,51.88296509305323,13.364409906946776
Belize,2021,55.4498,47.208999324870405,8.240800675129599
Belize,2022,65.247375,51.8464312613672,13.400943738632805
Belize,2022,59.8301,51.89926096309051,7.930839036909489
Belize,2023,59.0342,52.69104232972411,6.343157670275886
Benin,2019,51.7367777777778,55.51201310057997,-3.7752353228021676
Benin,2019,50.7383,53.949807456614664,-3.2115074566146617
Benin,2020,54.1418888888889,55.33939724635181,-1.1975083574629082
Benin,2020,50.6566,53.00366363094314,-2.34706363094314
Benin,2021,52.632,55.374745302458905,-2.742745302458907
Benin,2021,50.211,52.32520025155254,-2.114200251552539
Benin,2022,52.632,55.49954319923184,-2.8675431992318394
Benin,2022,46.9687,52.37208520129535,-5.40338520129535
Benin,2023,48.7062,53.009869485603225,-4.303669485603223
Bhutan,2019,84.4395,87.86800464929613,-3.42850464929613
Bhutan,2019,87.7287142857143,86.06466718516728,1.6640471005470232
Bhutan,2020,84.1345,87.48313200203958,-3.3486320020395794
Bhutan,2020,87.4622857142857,85.67334868890062,1.7889370253850814
Bhutan,2021,84.141625,87.48271713310265,-3.3410921331026486
Bhutan,2021,87.4741428571429,85.6727445815012,1.801398275641688
Bhutan,2022,84.141625,87.48271713310265,-3.3410921331026486
Bhutan,2022,89.0574285714286,85.59207804767513,3.4653505237534716
Bhutan,2023,78.2062857142857,86.14493093735858,-7.938645223072882
Bolivia,2019,54.1373,60.75612175312058,-6.618821753120578
Bolivia,2019,51.5341818181818,58.17976403621503,-6.645582218033233
Bolivia,2020,53.728,60.42939277225697,-6.701392772256966
Bolivia,2020,52.0537272727273,58.44933120410501,-6.395603931377707
Bolivia,2021,53.055,59.90574024544752,-6.850740245447518
Bolivia,2021,51.4791818181818,58.10568804631446,-6.626506228132662
Bolivia,2022,53.055,59.90576272110947,-6.850762721109469
Bolivia,2022,47.6258181818182,58.50131907831245,-10.875500896494252
Bolivia,2023,47.6314545454546,58.552142504253325,-10.920687958798723
Bosnia and Herzegovina,2019,69.0482222222222,68.09935103316877,0.9488711890534205
Bosnia and Herzegovina,2019,68.8088,66.17860845582366,2.6301915441763413
Bosnia and Herzegovina,2020,69.6315555555556,67.7859997049557,1.8455558505998937
Bosnia and Herzegovina,2020,69.7438,66.58273488032238,3.161065119677616
Bosnia and Herzegovina,2021,70.0483333333333,67.93930760826,2.109025725073309
Bosnia and Herzegovina,2021,70.0376,66.91210265231031,3.125497347689688
Bosnia and Herzegovina,2022,70.0483333333333,67.93323284628185,2.11510048705145
Bosnia and Herzegovina,2022,68.3627,66.47130720851247,1.891392791487533
Bosnia and Herzegovina,2023,67.0804,67.75549912924157,-0.6750991292415733
Botswana,2019,66.3706666666667,71.77646611231305,-5.405799445646352
Botswana,2019,66.9402,74.74238717206065,-7.802187172060641
Botswana,2020,66.0194444444444,71.39064916538966,-5.371204720945258
Botswana,2020,68.8651,75.70847445189226,-6.8433744518922595
Botswana,2021,65.3337777777778,69.67804686312961,-4.3442690853518116
Botswana,2021,68.0071,73.30115694006592,-5.2940569400659285
Botswana,2022,65.3337777777778,69.78174816152024,-4.447970383742444
Botswana,2022,64.6945,74.84317677879916,-10.148676778799157
Botswana,2023,64.831,75.25028976716003,-10.419289767160024
Brazil,2019,61.9478,61.33508934215492,0.6127106578450778
Brazil,2019,58.0870909090909,63.9385010111377,-5.851410102046806
Brazil,2020,63.6782,62.72960680678319,0.9485931932168086
Brazil,2020,58.0385454545454,64.68279880765719,-6.644253353111793
Brazil,2021,63.8902,62.81143991906205,1.078760080937947
Brazil,2021,57.9383636363636,64.59305940999442,-6.654695773630827
Brazil,2022,63.8902,62.76271393351114,1.1274860664888635
Brazil,2022,56.3919090909091,64.61828267574971,-8.226373584840609
Brazil,2023,56.7630909090909,64.1739811649554,-7.4108902558645084
Brunei Darussalam,2019,61.5891666666667,68.40764382998913,-6.818477163322427
Brunei Darussalam,2019,65.9836666666667,76.61611952029871,-10.632452853632003
Brunei Darussalam,2020,62.0248333333333,68.43440609008834,-6.409572756755047
Brunei Darussalam,2020,66.6191666666667,76.58836697193826,-9.969200305271556
Brunei Darussalam,2021,61.963,68.43710637737965,-6.474106377379648
Brunei Darussalam,2021,66.5288333333333,76.59231186604038,-10.06347853270708
Brunei Darussalam,2022,61.963,68.43710637737965,-6.474106377379648
Brunei Darussalam,2022,63.9038333333334,76.70694670387857,-12.80311337054517
Brunei Darussalam,2023,66.5288333333333,76.59231186604038,-10.06347853270708
Bulgaria,2019,72.6198888888889,71.4975411560453,1.1223477328435933
Bulgaria,2019,64.3458,61.56695854292508,2.7788414570749183
Bulgaria,2019,72.3401,71.48525073710222,0.8548492628977868
Bulgaria,2020,74.4883333333333,72.47607309531257,2.0122602380207297
Bulgaria,2020,61.8853,60.997301097141445,0.8879989028585555
Bulgaria,2020,71.2028,70.69042918086357,0.5123708191364216
Bulgaria,2021,73.8404444444444,71.6961606168064,2.144283827638006
Bulgaria,2021,61.5934,61.5644078255222,0.028992174477799892
Bulgaria,2021,70.2727,70.68829666618457,-0.4155966661845696
Bulgaria,2022,73.8404444444444,71.71143422405325,2.1290102203911516
Bulgaria,2022,61.7934,62.40240569722251,-0.6090056972225142
Bulgaria,2022,69.687,70.96721413619694,-1.2802141361969461
Bulgaria,2023,71.2432,69.90798668558617,1.335213314413835
Burkina Faso,2019,55.9582,66.94225954977213,-10.984059549772134
Burkina Faso,2019,50.3351,56.60747724865112,-6.272377248651125
Burkina Faso,2020,56.4728,67.62470192420645,-11.151901924206449
Burkina Faso,2020,51.3592,57.529823719472,-6.1706237194719975
Burkina Faso,2021,54.4996,67.61479533276913,-13.115195332769133
Burkina Faso,2021,50.698,58.20622001902832,-7.508220019028322
Burkina Faso,2022,54.4996,67.46247634786005,-12.962876347860046
Burkina Faso,2022,49.3424,58.37171373542801,-9.029313735428012
Burkina Faso,2023,46.1101,58.91429923875406,-12.804199238754059
Burundi,2019,52.1666666666667,60.76699777980579,-8.600331113139092
Burundi,2019,48.5522857142857,59.04786349404484,-10.495577779759138
Burundi,2020,50.9488888888889,60.78247556821405,-9.833586679325151
Burundi,2020,47.8261428571429,59.084859613456366,-11.258716756313468
Burundi,2021,52.1806666666667,60.701787199180764,-8.521120532514061
Burundi,2021,50.1357142857143,58.96718968181635,-8.83147539610205
Burundi,2022,52.1806666666667,60.701787199180764,-8.521120532514061
Burundi,2022,50.9655714285714,58.38206016553551,-7.416488736964112
Burundi,2023,50.3538571428572,59.53122354968044,-9.17736640682324
Cabo Verde,2019,75.48,75.63856001601278,-0.15856001601277114
Cabo Verde,2019,80.5718333333333,75.88365015690788,4.688183176425426
Cabo Verde,2020,75.9887142857143,75.53635089609992,0.4523633896143764
Cabo Verde,2020,80.2505,75.7663430830701,4.484156916929905
Cabo Verde,2021,76.001,75.5357249534933,0.46527504650670437
Cabo Verde,2021,80.2713333333333,75.76543328276979,4.505900050563511
Cabo Verde,2022,76.001,75.5357249534933,0.46527504650670437
Cabo Verde,2022,79.1358333333333,76.53991097089661,2.5959223624366814
Cabo Verde,2023,79.1148333333333,77.96036817560554,1.1544651577277563
Cambodia,2019,58.2349,63.92105073109773,-5.686150731097726
Cambodia,2019,53.7534545454546,59.33531023088881,-5.581855685434206
Cambodia,2020,60.3583,64.95175671220149,-4.593456712201487
Cambodia,2020,54.0733636363636,59.72657235019765,-5.653208713834047
Cambodia,2021,60.0748,65.52296621180905,-5.4481662118090455
Cambodia,2021,53.4961818181818,60.64562293175014,-7.1494411135683364
Cambodia,2022,60.0748,65.41937321245088,-5.344573212450875
Cambodia,2022,51.7728181818182,61.18425294839174,-9.411434766573535
Cambodia,2023,50.8732727272727,61.30783302392772,-10.434560296655022
Cameroon,2019,47.4219,56.436493168054376,-9.014593168054375
Cameroon,2019,42.0214545454546,55.267603213009906,-13.246148667555303
Cameroon,2020,47.0868,56.66916755614089,-9.582367556140895
Cameroon,2020,40.8329090909091,55.06135133833676,-14.228442247427665
Cameroon,2021,47.28,57.331543690173575,-10.051543690173574
Cameroon,2021,40.3122727272727,54.394736988525636,-14.082464261252937
Cameroon,2022,47.28,57.27360732294579,-9.993607322945792
Cameroon,2022,38.2534545454546,54.10297860652999,-15.849524061075385
Cameroon,2023,37.5878181818182,54.87820304084015,-17.290384859021948
Canada,2019,85.607,83.05434784051712,2.552652159482875
Canada,2019,84.2847272727273,80.11516443737946,4.169562835347833
Canada,2020,84.6247,82.93794279725151,1.6867572027484954
Canada,2020,83.8771818181818,80.49566514441787,3.381516673763926
Canada,2021,84.5845,81.85134736310579,2.733152636894218
Canada,2021,83.6295454545455,79.51062008783592,4.1189253667095755
Canada,2022,84.5845,81.9458285012734,2.638671498726609
Canada,2022,82.7234545454545,79.79054099073221,2.9329135547222904
Canada,2023,82.9563636363636,82.04667924397808,0.9096843923855289
Candidate Countries,2019,60.7235,69.22862472037191,-8.50512472037191
Candidate Countries,2020,61.4303,69.97767322776119,-8.547373227761184
Candidate Countries,2021,60.4183,69.70042370686672,-9.282123706866713
Candidate Countries,2022,59.5013,68.9051189851303,-9.4038189851303
Central African Republic,2019,42.7395,46.8187704705296,-4.0792704705296
Central African Republic,2019,42.3848,45.89835907857166,-3.51355907857166
Central African Republic,2020,44.0076666666667,47.14123377115514,-3.133567104488442
Central African Republic,2020,44.4828,46.16932796588971,-1.6865279658897094
Central African Republic,2021,43.7928333333333,46.41018897083373,-2.617355637500431
Central African Republic,2021,44.3494,45.479544003253146,-1.1301440032531431
Central African Republic,2022,43.7928333333333,46.44071430681984,-2.6478809734865436
Central African Republic,2022,43.8826,45.49653179446041,-1.613931794460413
Central African Republic,2023,45.1994,45.49102628933137,-0.2916262893313757
Central and Eastern Europe,2019,72.6929,78.08946319546813,-5.396563195468133
Central and Eastern Europe,2020,72.853,77.63236069659932,-4.779360696599326
Central and Eastern Europe,2021,73.0405,77.78167919929648,-4.741179199296482
Central and Eastern Europe,2022,72.1779,77.98527256415512,-5.807372564155131
Chad,2019,31.841,42.291623687341584,-10.450623687341583
Chad,2019,35.012,41.72805189199198,-6.716051891991981
Chad,2020,30.8181428571429,42.67204225829835,-11.853899401155449
Chad,2020,34.0308,42.111079062697776,-8.080279062697777
Chad,2021,30.5271428571429,42.30902369948649,-11.78188084234359
Chad,2021,33.5578,41.780973155860025,-8.223173155860025
Chad,2022,30.5271428571429,42.324286367479544,-11.797143510336646
Chad,2022,31.785,41.48318097870858,-9.698180978708582
Chad,2023,31.4786,41.871291046505505,-10.392691046505504
Chile,2019,77.5879,77.52438020739542,0.06351979260458052
Chile,2019,79.4719090909091,79.12865977568958,0.3432493152195093
Chile,2020,76.4828,76.98116820363336,-0.4983682036333619
Chile,2020,78.4038181818182,78.76918792055892,-0.36536973874072487
Chile,2021,76.7509,77.07530295594312,-0.3244029559431141
Chile,2021,77.9362727272727,78.31422547823949,-0.3779527509667986
Chile,2022,76.7509,77.00526201608297,-0.2543620160829647
Chile,2022,74.8563636363636,77.72557868026237,-2.8692150438987767
Chile,2023,76.0069090909091,78.48915695456462,-2.482247863655516
China,2019,66.9582857142857,56.66231614857967,10.295969565706024
China,2019,56.08325,48.77302794179294,7.31022205820706
China,2020,69.7508571428571,57.03480457033036,12.716052572526742
China,2020,56.153375,49.22046787188893,6.932907128111069
China,2021,70.2688571428571,58.06538215196664,12.203474990890463
China,2021,57.09025,49.785715300701355,7.304534699298642
China,2022,70.2688571428571,57.916078951315676,12.352778191541425
China,2022,57.838875,49.55679960513841,8.282075394861593
China,2023,57.342875,49.88063236843374,7.462242631566262
Colombia,2019,60.9297,62.2063610398117,-1.2766610398117066
Colombia,2019,54.9396363636364,64.38276558475002,-9.443129221113615
Colombia,2020,61.9255,63.521961337518164,-1.5964613375181642
Colombia,2020,56.3206363636364,66.46118668035918,-10.140550316722774
Colombia,2021,60.5431,63.11211505004077,-2.5690150500407682
Colombia,2021,49.872,58.969800496802826,-9.097800496802826
Colombia,2022,60.5431,63.16081972063737,-2.6177197206373677
Colombia,2022,51.935,66.05584711736446,-14.120847117364463
Colombia,2023,53.4188181818182,66.85929995529426,-13.440481773476058
Comoros,2019,60.5363333333333,51.454434594098316,9.081898739234987
Comoros,2019,59.2018,49.42121159925571,9.780588400744286
Comoros,2020,59.2116666666667,50.092754746794725,9.118911919871977
Comoros,2020,57.3686,48.098910645656225,9.269689354343775
Comoros,2021,58.7816666666667,49.8099901640445,8.971676502622202
Comoros,2021,56.7374,47.77456195511879,8.96283804488121
Comoros,2022,58.7816666666667,49.82525283203755,8.956413834629153
Comoros,2022,52.6438,47.561228359445096,5.082571640554903
Comoros,2023,53.454,47.90930261894431,5.544697381055691
"Congo, Dem. Rep.",2019,39.675125,42.25291514405163,-2.577790144051626
"Congo, Dem. Rep.",2019,31.288,40.1969861849551,-8.9089861849551
"Congo, Dem. Rep.",2020,40.906625,42.01575040807839,-1.1091254080783912
"Congo, Dem. Rep.",2020,31.7926,40.07395887283694,-8.28135887283694
"Congo, Dem. Rep.",2021,41.16125,42.323903113790635,-1.1626531137906326
"Congo, Dem. Rep.",2021,32.2406,39.91867057196545,-7.678070571965449
"Congo, Dem. Rep.",2022,41.16125,42.39694830150074,-1.2356983015007401
"Congo, Dem. Rep.",2022,30.8311,40.31347713254163,-9.482377132541629
"Congo, Dem. Rep.",2023,31.0916,40.8882553222676,-9.796655322267597
"Congo, Rep.",2019,58.1114285714286,46.68256274309864,11.428865828329954
"Congo, Rep.",2019,50.189,44.478444075765935,5.710555924234065
"Congo, Rep.",2020,58.5064285714286,46.81257714221003,11.693851429218569
"Congo, Rep.",2020,50.0685555555555,44.48633386397017,5.582221691585332
"Congo, Rep.",2021,56.6667142857143,47.105625606603034,9.561088679111265
"Congo, Rep.",2021,47.8622222222222,46.18201059976549,1.68021162245671
"Congo, Rep.",2022,56.6667142857143,46.81628431684803,9.850429968866273
"Congo, Rep.",2022,45.7794444444445,45.97580774022022,-0.19636329577571843
"Congo, Rep.",2023,46.8362222222222,46.93602451200206,-0.09980228977985917
Costa Rica,2019,69.5248,64.57473159726939,4.950068402730608
Costa Rica,2019,77.7012727272727,75.9518618759131,1.749410851359599
Costa Rica,2020,69.9362,64.73404633166312,5.2021536683368765
Costa Rica,2020,78.5782727272727,76.51867086065258,2.0596018666201275
Costa Rica,2021,71.1969,65.54367951668526,5.65322048331474
Costa Rica,2021,79.1423636363636,76.41398994602338,2.72837369034022
Costa Rica,2022,71.1969,65.56190264191201,5.634997358087986
Costa Rica,2022,77.2843636363636,74.83248672198384,2.4518769143797527
Costa Rica,2023,75.5504545454545,76.36932064437433,-0.8188660989198269
Cote d'Ivoire,2019,54.2725,48.9448329537965,5.327667046203501
Cote d'Ivoire,2019,55.1307,55.114345765903906,0.016354234096091602
Cote d'Ivoire,2020,56.22275,49.78727652917873,6.435473470821265
Cote d'Ivoire,2020,54.9358,55.1728136672715,-0.23701366727149775
Cote d'Ivoire,2021,56.015875,49.71503352558834,6.300841474411662
Cote d'Ivoire,2021,54.7179,54.81929493862402,-0.1013949386240185
Cote d'Ivoire,2022,56.015875,49.61760286944082,6.398272130559178
Cote d'Ivoire,2022,55.926,55.51424528947239,0.41175471052761026
Cote d'Ivoire,2023,54.7457,57.552370737717936,-2.806670737717937
Croatia,2019,74.05,70.39559222541588,3.654407774584115
Croatia,2019,71.4178,70.16571452007997,1.2520854799200265
Croatia,2019,72.7008,71.65387139365342,1.046928606346583
Croatia,2020,77.2304444444445,70.96037982774631,6.270064616698193
Croatia,2020,70.9615,69.7232362861502,1.238263713849804
Croatia,2020,72.529,71.17341751794456,1.3555824820554392
Croatia,2021,76.7345555555555,70.69149606411632,6.04305949143918
Croatia,2021,71.6783,69.625579534941,2.0527204650589965
Croatia,2021,73.3912,71.56141600271387,1.8297839972861283
Croatia,2022,76.7345555555555,70.80111887412872,5.933436681426784
Croatia,2022,71.5289,71.32788926088665,0.2010107391133431
Croatia,2022,72.7466,72.70506540532001,0.041534594679987435
Croatia,2023,72.407,68.59351577676847,3.8134842232315265
Cuba,2019,64.6966666666667,67.98346747735886,-3.2868008106921565
Cuba,2019,67.0296,67.1830831405081,-0.15348314050810075
Cuba,2020,64.4763333333333,67.61553045770341,-3.1391971243701136
Cuba,2020,66.7652,66.84564838402245,-0.08044838402246057
Cuba,2021,64.2248333333333,67.27918270200102,-3.0543493686677294
Cuba,2021,66.5006,66.50795838188138,-0.007358381881374498
Cuba,2022,64.2248333333333,67.29444536999408,-3.0696120366607857
Cuba,2022,66.236,66.15500571174725,0.08099428825275368
Cuba,2023,65.4424,65.1116771514015,0.3307228485985121
Cyprus,2019,80.7702222222222,74.68964120424346,6.080581017978744
Cyprus,2019,73.8722,72.06891451398019,1.803285486019817
Cyprus,2019,67.7727,69.07811576553537,-1.305415765535372
Cyprus,2020,80.6711111111111,74.2780790358296,6.393032075281496
Cyprus,2020,75.0741,72.80979785817857,2.2643021418214317
Cyprus,2020,68.4651,69.64601275588095,-1.1809127558809394
Cyprus,2021,80.5683333333333,73.00015948221481,7.5681738511184875
Cyprus,2021,75.4198,71.43789008700936,3.9819099129906306
Cyprus,2021,69.7769,69.24848128204005,0.5284187179599513
Cyprus,2022,80.5683333333333,73.1586292739264,7.409704059406906
Cyprus,2022,73.0474,71.38827391671101,1.6591260832889816
Cyprus,2022,67.1912,70.21252112486849,-3.021321124868493
Cyprus,2023,66.7339,67.22945885741959,-0.4955588574195815
Czech Republic,2019,82.2592,77.63843768400523,4.6207623159947815
Czech Republic,2020,83.5391,77.2291423534834,6.309957646516608
Czech Republic,2021,83.9172,77.38231849441446,6.534881505585531
Czech Republic,2022,83.9172,77.38231849441446,6.534881505585531
Czechia,2019,77.5415,78.54444753111508,-1.0029475311150833
Czechia,2019,83.221,81.9920590016612,1.2289409983387998
Czechia,2020,79.2225,79.77535847331497,-0.55285847331497
Czechia,2020,82.6184545454545,81.62067931103,0.9977752344244948
Czechia,2021,80.0202,79.87188019715279,0.1483198028472117
Czechia,2021,83.5008181818182,82.28970444318396,1.2111137386342392
Czechia,2022,81.0223,80.63936394051889,0.38293605948111065
Czechia,2022,84.5245454545454,82.75902460862733,1.7655208459180756
Czechia,2023,84.5690909090909,79.82009468885524,4.748996220235668
Denmark,2019,93.3479,86.30630068668175,7.041599313318244
Denmark,2019,89.9104,85.12933375156184,4.781066248438151
Denmark,2019,94.3831818181818,89.84674519864004,4.53643661954176
Denmark,2020,92.9042,86.5406427923299,6.363557207670098
Denmark,2020,91.1565,85.72373354552153,5.432766454478468
Denmark,2020,93.4423636363636,89.2816049771505,4.160758659213101
Denmark,2021,93.2551,86.65003372755159,6.605066272448411
Denmark,2021,91.0994,85.765270431329,5.334129568671003
Denmark,2021,94.8155454545455,90.79380542652775,4.021740028017746
Denmark,2022,93.2551,86.65003372755159,6.605066272448411
Denmark,2022,91.1073,86.02910742721684,5.078192572783152
Denmark,2022,92.9671818181818,88.83061325664573,4.136568561536066
Denmark,2023,92.9671818181818,85.5501437184916,7.417038099690203
Djibouti,2019,58.5951666666667,60.076717061461714,-1.4815503947950148
Djibouti,2019,54.1614,57.751456590640515,-3.590056590640515
Djibouti,2020,56.6551666666667,59.089228404347374,-2.434061737680672
Djibouti,2020,53.3678,56.738641829872705,-3.3708418298727025
Djibouti,2021,56.8665,60.21324778674373,-3.3467477867437267
Djibouti,2021,54.1614,57.751456590640515,-3.590056590640515
Djibouti,2022,56.8665,60.167471319172726,-3.3009713191727243
Djibouti,2022,54.1614,57.751456590640515,-3.590056590640515
Djibouti,2023,54.1614,57.751456590640515,-3.590056590640515
Dominica,2019,65.8938,52.89323602024626,13.000563979753736
Dominica,2020,65.1828,52.56690887749957,12.615891122500429
Dominica,2021,65.1828,52.56690887749957,12.615891122500429
Dominica,2022,65.1828,52.56690887749957,12.615891122500429
Dominican Republic,2019,58.2085,57.549075299245274,0.6594247007547267
Dominican Republic,2019,55.3263636363636,56.88497255565139,-1.558608919287785
Dominican Republic,2020,58.916,58.39248343638491,0.5235165636150896
Dominican Republic,2020,55.538,57.43959865785777,-1.9015986578577753
Dominican Republic,2021,58.281,58.565182087906216,-0.2841820879062169
Dominican Republic,2021,56.0684545454545,57.73421107206264,-1.665756526608142
Dominican Republic,2022,58.281,58.54682759083069,-0.2658275908306891
Dominican Republic,2022,55.7559090909091,57.50587095335544,-1.7499618624463409
Dominican Republic,2023,55.5466363636364,59.32771169925485,-3.7810753356184463
EFTA Countries,2019,85.2626,88.21784714566047,-2.955247145660465
EFTA Countries,2020,86.0225,88.563168867187,-2.5406688671870086
EFTA Countries,2021,85.6163,88.76397758468636,-3.147677584686363
EFTA Countries,2022,85.4849,87.96626494779726,-2.4813649477972604
East and South Asia,2019,61.7012,65.43207262760582,-3.7308726276058195
East and South Asia,2019,55.8449090909091,62.296765304776734,-6.451856213867636
East and South Asia,2020,61.991,65.5770459787149,-3.586045978714907
East and South Asia,2020,54.8476363636364,61.37255122753115,-6.52491486389475
East and South Asia,2021,61.6541,65.81420821126976,-4.160108211269758
East and South Asia,2021,54.3377272727273,61.13948331044647,-6.801756037719173
East and South Asia,2022,54.5582727272727,62.227188471683405,-7.668915744410704
East and South Asia,2023,54.3399090909091,61.774458401705836,-7.434549310796733
Eastern Europe and Central Asia,2019,60.6937777777778,63.0609175416842,-2.367139763906401
Eastern Europe and Central Asia,2019,58.9665,59.472363195900726,-0.5058631959007229
Eastern Europe and Central Asia,2020,61.5713333333333,63.78152119217696,-2.2101878588436605
Eastern Europe and Central Asia,2020,59.3577,59.55223371355249,-0.19453371355248805
Eastern Europe and Central Asia,2021,61.8602222222222,63.567630857597266,-1.7074086353750673
Eastern Europe and Central Asia,2021,58.7868,59.259179517798486,-0.47237951779848686
Eastern Europe and Central Asia,2022,56.6994,60.69653748257475,-3.9971374825747503
Eastern Europe and Central Asia,2023,55.2771,60.53746212948585,-5.260362129485856
Ecuador,2019,60.9027777777778,63.37002167238387,-2.467243894606071
Ecuador,2019,57.2699,61.67138426688423,-4.401484266884232
Ecuador,2020,61.4654444444444,63.651383795403554,-2.1859393509591527
Ecuador,2020,56.6672,61.78676652736884,-5.119566527368839
Ecuador,2021,59.6265555555556,62.11277940949231,-2.486223853936714
Ecuador,2021,53.8834,60.00007460500075,-6.116674605000746
Ecuador,2022,59.6265555555556,62.115937504853,-2.489381949297403
Ecuador,2022,48.5498,56.27389260194264,-7.724092601942644
Ecuador,2023,45.5124,56.583093166172034,-11.070693166172035
"Egypt, Arab Rep.",2019,76.2161,73.8902969729526,2.3258030270473995
"Egypt, Arab Rep.",2019,59.2636363636364,70.41721209366371,-11.153575730027306
"Egypt, Arab Rep.",2020,75.2004,73.29311636561594,1.9072836343840578
"Egypt, Arab Rep.",2020,58.2844545454545,70.42918085637434,-12.144726310919843
"Egypt, Arab Rep.",2021,76.3459,73.62985260609393,2.7160473939060665
"Egypt, Arab Rep.",2021,58.6930909090909,69.91549154816,-11.222400639069107
"Egypt, Arab Rep.",2022,76.3459,73.79124944012347,2.554650559876535
"Egypt, Arab Rep.",2022,57.1088181818182,68.66843102976458,-11.559612847946376
"Egypt, Arab Rep.",2023,57.7100909090909,70.64007958501787,-12.929988675926971
El Salvador,2019,59.5051,58.61776615939681,0.8873338406031905
El Salvador,2019,56.3809090909091,58.57978836110192,-2.198879270192819
El Salvador,2020,60.0583,59.6556485133222,0.40265148667780437
El Salvador,2020,60.7382727272727,63.22239838535509,-2.484125658082391
El Salvador,2021,58.4529,58.50364755887716,-0.050747558877162646
El Salvador,2021,60.8678181818182,63.60707861110417,-2.73926042928597
El Salvador,2022,58.4529,58.39714883215534,0.05575116784466161
El Salvador,2022,61.0927272727273,65.4337501607386,-4.341022888011295
El Salvador,2023,58.9431818181818,65.9101944124226,-6.967012594240799
Equatorial Guinea,2019,45.6625,43.01171760109025,2.6507823989097545
Equatorial Guinea,2020,46.366,42.99123617672982,3.374763823270179
Equatorial Guinea,2021,46.95025,43.336808546827896,3.6134414531721006
Equatorial Guinea,2022,46.95025,43.32154587883484,3.628704121165157
Eritrea,2019,37.7426666666667,41.728974002279784,-3.986307335613084
Eritrea,2020,36.8606666666667,41.038319793596415,-4.177653126929712
Eritrea,2021,37.3016666666667,41.42179779971666,-4.120131133049959
Eritrea,2022,37.3016666666667,41.4065351317236,-4.104868465056903
Estonia,2019,89.5552,84.17502746312218,5.380172536877822
Estonia,2019,90.969,85.52941456394994,5.439585436050052
Estonia,2019,89.8312727272727,85.9015206495647,3.9297520777080024
Estonia,2020,90.4415,84.7942968820814,5.6472031179186075
Estonia,2020,90.9151,86.60835135136058,4.306748648639413
Estonia,2020,89.3305454545455,86.13925578364933,3.191289670896168
Estonia,2021,89.4058,84.25746025909964,5.148339740900354
Estonia,2021,91.218,86.04165120491551,5.176348795084493
Estonia,2021,89.8762727272727,86.38536616833677,3.490906558935933
Estonia,2022,89.4058,84.35493470586341,5.050865294136585
Estonia,2022,91.232,86.28601319799085,4.945986802009145
Estonia,2022,90.0569090909091,86.49746531207724,3.559443778831863
Estonia,2023,90.2453636363636,83.77182540158508,6.47353823477853
Eswatini,2019,56.5011111111111,65.04726847462071,-8.546157363509607
Eswatini,2019,61.8474285714286,67.07544409873778,-5.228015527309175
Eswatini,2020,56.9795555555556,64.71438481292738,-7.7348292573717785
Eswatini,2020,62.8311428571429,66.67800569127517,-3.846862834132274
Eswatini,2021,56.6436666666667,64.38906809487042,-7.745401428203728
Eswatini,2021,60.5557142857143,65.06252301042791,-4.506808724713608
Eswatini,2022,56.6436666666667,64.40433076286348,-7.760664096196784
Eswatini,2022,58.0231428571429,64.46666459565903,-6.443521738516125
Eswatini,2023,61.5618571428571,64.31688508932649,-2.75502794646939
Ethiopia,2019,42.544,51.86041902379945,-9.316419023799455
Ethiopia,2019,38.9447,49.048774028309694,-10.104074028309697
Ethiopia,2020,42.1823333333333,51.85641324768784,-9.674079914354543
Ethiopia,2020,38.3978,49.19555822445463,-10.797758224454633
Ethiopia,2021,42.2007777777778,52.15379837585761,-9.95302059807981
Ethiopia,2021,38.2752,49.75234480264664,-11.477144802646642
Ethiopia,2022,42.2007777777778,52.159850662173795,-9.959072884395994
Ethiopia,2022,34.7341,49.408956751568354,-14.674856751568356
Ethiopia,2023,32.6934,49.87397940292771,-17.180579402927712
European Union,2019,81.2044,80.39819662260784,0.8062033773921655
European Union,2019,74.553,74.47970462072178,0.07329537927822116
European Union,2020,81.952,80.54901943295633,1.4029805670436701
European Union,2020,74.5167,74.40662403078657,0.1100759692134261
European Union,2021,81.8007,80.71283327209444,1.0878667279055634
European Union,2021,74.5494,74.69622846801474,-0.14682846801473204
European Union,2022,73.4843,78.7545384912942,-5.270238491294194
Fiji,2019,79.5762,69.68908656013019,9.887113439869808
Fiji,2019,76.2375714285714,77.27627101632162,-1.0386995877502159
Fiji,2020,79.5532,69.71285421949797,9.840345780502034
Fiji,2020,76.1732857142857,77.28266830984239,-1.1093825955566956
Fiji,2021,79.4074,69.71816017484934,9.68923982515065
Fiji,2021,77.2777142857143,78.25479899058168,-0.9770847048673801
Fiji,2022,79.4074,69.71816017484934,9.68923982515065
Fiji,2022,72.3848571428571,77.77892027983967,-5.394063136982567
Fiji,2023,76.4578571428572,77.50905937483282,-1.0512022319756227
Finland,2019,93.5576,87.38616417068852,6.171435829311477
Finland,2019,90.6165,88.37357104339566,2.242928956604345
Finland,2019,92.3882727272727,90.53380245674339,1.854470270529319
Finland,2020,94.2369,87.37754920107444,6.859350798925561
Finland,2020,87.6462,85.87811291485262,1.7680870851473713
Finland,2020,92.7496363636364,89.51329096816502,3.236345395471375
Finland,2021,94.1074,88.30101290417687,5.806387095823126
Finland,2021,87.5053,87.02801578655922,0.4772842134407824
Finland,2021,93.1224545454546,91.10472235916767,2.017732186286935
Finland,2022,94.1074,88.16997661936892,5.937423380631074
Finland,2022,87.6538,86.50482895798913,1.1489710420108707
Finland,2022,93.2086363636364,90.3170119902601,2.8916243733763025
Finland,2023,92.934,87.54838507255994,5.385614927440059
France,2019,74.8296,73.91386335961917,0.9157366403808282
France,2019,62.7567,66.22128987286334,-3.4645898728633355
France,2019,76.5672727272727,77.62978160366403,-1.062508876391334
France,2020,74.987,73.80418686053935,1.1828131394606487
France,2020,59.1899,63.60891009911926,-4.419010099119255
France,2020,75.4345454545455,75.87521932096942,-0.44067386642392137
France,2021,75.4727,74.53861017426499,0.9340898257350148
France,2021,59.6749,64.69194788369538,-5.017047883695376
France,2021,76.2356363636364,77.35595487870326,-1.120318515066856
France,2022,75.4727,74.53854390798678,0.9341560920132252
France,2022,59.6713,64.91777634897913,-5.2464763489791295
France,2022,75.1920909090909,76.4793143235705,-1.2872234144796124
France,2023,75.0946363636364,75.3940364724726,-0.2994001088362097
Gabon,2019,44.000625,52.775551345249546,-8.774926345249547
Gabon,2019,41.1198,48.45095698323304,-7.331156983233043
Gabon,2020,43.5495,52.43923710300736,-8.889737103007356
Gabon,2020,40.6542,48.13752589629925,-7.483325896299249
Gabon,2021,43.464875,52.8220092459394,-9.357134245939399
Gabon,2021,40.4948,48.4964469982482,-8.001646998248205
Gabon,2022,43.464875,52.80674657794634,-9.341871577946343
Gabon,2022,40.4415,47.61057432454311,-7.169074324543111
Gabon,2023,42.3572,47.742492937928894,-5.385292937928895
"Gambia, The",2019,54.55425,48.214170529703935,6.340079470296068
"Gambia, The",2019,49.6277,56.732445936563785,-7.104745936563788
"Gambia, The",2020,55.338375,47.82612746988076,7.5122475301192395
"Gambia, The",2020,49.6484,55.6903596228667,-6.041959622866699
"Gambia, The",2021,55.313375,47.95242483775044,7.360950162249559
"Gambia, The",2021,44.179,50.37064244206517,-6.191642442065167
"Gambia, The",2022,55.313375,47.96459567666101,7.348779323338988
"Gambia, The",2022,43.3658,49.866572481135776,-6.500772481135776
"Gambia, The",2023,42.9876,51.468865759225906,-8.481265759225906
Georgia,2019,82.7722,78.25411089862762,4.518089101372382
Georgia,2019,77.8630909090909,74.6171889872046,3.2459019218863006
Georgia,2020,83.4257,78.31985796748768,5.105842032512328
Georgia,2020,77.5230909090909,74.8854978387741,2.6375930703167967
Georgia,2021,83.1108,77.86272742202826,5.24807257797174
Georgia,2021,77.1698181818182,74.64559256390349,2.524225617914709
Georgia,2022,83.1108,77.84754079885957,5.2632592011404284
Georgia,2022,75.1105454545454,74.80099461154934,0.3095508429960603
Georgia,2023,73.5661818181818,74.90593168221004,-1.339749864028235
Germany,2019,84.3584,81.42593011970162,2.9324698802983846
Germany,2019,82.0304,78.07788259671725,3.952517403282755
Germany,2019,89.8021818181818,85.57449932992449,4.227682488257301
Germany,2020,85.3311,81.69430229487317,3.6367977051268383
Germany,2020,87.0009,81.57670960665115,5.424190393348852
Germany,2020,90.4925454545454,86.47276486142819,4.019780593117204
Germany,2021,84.1893,81.51357696351673,2.6757230364832765
Germany,2021,86.4908,81.6960077903556,4.794792209644399
Germany,2021,89.953,86.66668345086052,3.2863165491394852
Germany,2022,84.1893,81.5257691173816,2.663530882618403
Germany,2022,84.822,81.76218639975085,3.059813600249157
Germany,2022,88.8812727272727,86.29348778088432,2.587784946388382
Germany,2023,89.1019090909091,82.91675190194988,6.185157188959224
Ghana,2019,69.2041,70.75307846420957,-1.5489784642095685
Ghana,2019,68.4342727272727,70.18420610539071,-1.7499333781180155
Ghana,2020,69.1534,71.51497120631353,-2.3615712063135277
Ghana,2020,68.1933636363636,70.82452453806677,-2.6311609017031685
Ghana,2021,69.4616,71.51881650915718,-2.057216509157172
Ghana,2021,68.4774545454545,70.51486280008805,-2.0374082546335472
Ghana,2022,69.4616,71.48228267747115,-2.020682677471143
Ghana,2022,65.738,70.41477097449341,-4.676770974493408
Ghana,2023,65.791,71.3057557468807,-5.514755746880709
Greece,2019,74.6718,73.67434812762122,0.9974518723787895
Greece,2019,68.6105,68.8314311704323,-0.22093117043229427
Greece,2019,76.6190909090909,76.8370049694172,-0.21791406032629368
Greece,2020,77.7032,74.88441144090852,2.818788559091473
Greece,2020,67.8454,68.93183507340405,-1.086435073404047
Greece,2020,76.6932727272727,77.37658547344974,-0.6833127461770374
Greece,2021,76.8391,74.18988795896814,2.649212041031859
Greece,2021,67.0838,68.76136735674821,-1.677567356748213
Greece,2021,75.7482727272727,76.7926824306544,-1.0444097033816888
Greece,2022,76.8391,74.1442538024997,2.694846197500297
Greece,2022,64.3596,70.24553999721999,-5.885939997219992
Greece,2022,72.8879090909091,78.45198797373243,-5.564078882823324
Greece,2023,72.8359090909091,75.64642103783403,-2.810511946924933
Grenada,2019,76.1776,63.480411672679374,12.697188327320625
Grenada,2020,77.316,63.05108954056003,14.264910459439974
Grenada,2021,77.316,63.05108954056003,14.264910459439974
Grenada,2022,77.316,63.05108954056003,14.264910459439974
Guatemala,2019,52.7456666666667,57.14977298233371,-4.404106315667008
Guatemala,2019,45.3784,57.05150349489321,-11.673103494893212
Guatemala,2020,52.4205555555556,56.975013498757704,-4.554457943202102
Guatemala,2020,44.8509,56.6337256160949,-11.782825616094897
Guatemala,2021,51.9903333333333,56.94843851594711,-4.958105182613814
Guatemala,2021,45.189,56.782077422519876,-11.593077422519876
Guatemala,2022,51.9903333333333,56.92407552317165,-4.933742189838355
Guatemala,2022,40.6642,56.4783275282971,-15.8141275282971
Guatemala,2023,39.3528,56.656078353999966,-17.303278353999964
Guinea,2019,46.4761111111111,48.198605026766046,-1.722493915654944
Guinea,2019,44.7026,46.145401377913764,-1.4428013779137672
Guinea,2020,43.6366666666667,46.88683749363789,-3.2501708269711926
Guinea,2020,44.606,45.80800569236847,-1.2020056923684663
Guinea,2021,44.5837777777778,46.33500533890218,-1.7512275611243808
Guinea,2021,43.3169,45.09423615301254,-1.7773361530125413
Guinea,2022,44.5837777777778,46.29857002770246,-1.7147922499246633
Guinea,2022,41.9998,45.57973263165804,-3.579932631658039
Guinea,2023,42.1633,46.569863069519705,-4.406563069519706
Guinea-Bissau,2019,56.9445714285714,56.8566793891158,0.08789203945560331
Guinea-Bissau,2019,55.5928571428571,56.904495989581875,-1.311638846724776
Guinea-Bissau,2020,56.9071428571429,57.19064299107167,-0.2835001339287686
Guinea-Bissau,2020,55.4514285714286,57.25902093647977,-1.8075923650511712
Guinea-Bissau,2021,57.1584285714286,57.88746754581184,-0.7290389743832364
Guinea-Bissau,2021,55.6448571428571,57.94354211260803,-2.29868496975093
Guinea-Bissau,2022,57.1584285714286,57.85695374623389,-0.6985251748052903
Guinea-Bissau,2022,53.1061428571429,58.07288660170153,-4.966743744558634
Guinea-Bissau,2023,52.4498571428571,58.46890557885082,-6.019048435993724
Guyana,2019,64.2697777777778,63.84147613592092,0.42830164185688346
Guyana,2019,57.7140909090909,61.75740316472343,-4.043312255632529
Guyana,2020,63.9611111111111,63.205858521841165,0.7552525892699364
Guyana,2020,56.6909090909091,59.918511632649604,-3.2276025417405023
Guyana,2021,63.8291111111111,62.48652350225368,1.3425876088574142
Guyana,2021,57.3780909090909,60.70574480147586,-3.3276538923849586
Guyana,2022,63.8291111111111,62.52618141723029,1.302929693880806
Guyana,2022,58.0197272727273,61.3813552775311,-3.361628004803798
Guyana,2023,54.9307272727273,62.36248842046771,-7.43176114774041
Haiti,2019,44.9023,53.61895674517,-8.716656745170006
Haiti,2019,39.5000909090909,51.72332943251423,-12.223238523423326
Haiti,2020,44.7309,53.6619457264657,-8.931045726465705
Haiti,2020,38.1699090909091,50.523749260663024,-12.353840169753923
Haiti,2021,44.864,54.37714810542717,-9.51314810542717
Haiti,2021,37.336,51.287061000957976,-13.951061000957978
Haiti,2022,44.864,54.401435053378265,-9.537435053378267
Haiti,2022,33.8438181818182,49.41968441501755,-15.57586623319935
Haiti,2023,32.2093636363636,49.94040658679577,-17.73104295043217
High-income Countries,2019,78.5680909090909,78.52336737912563,0.04472352996526752
High-income Countries,2020,78.3913636363636,78.30700952909105,0.08435410727254578
High-income Countries,2021,78.559,78.25390006957562,0.305099930424376
High-income Countries,2022,77.4375454545455,78.43048467669564,-0.9929392221501416
High-income Countries,2023,76.9679090909091,78.32545141583778,-1.3575423249286729
Honduras,2019,47.5053333333333,51.86780785300517,-4.362474519671871
Honduras,2019,41.4985454545455,50.708777853765774,-9.210232399220274
Honduras,2020,45.4475555555556,51.65878151903861,-6.21122596348301
Honduras,2020,41.1944545454545,50.75141907091446,-9.55696452545996
Honduras,2021,43.9485555555556,50.767613921247595,-6.819058365691994
Honduras,2021,41.8864545454545,50.92621130460579,-9.039756759151295
Honduras,2022,43.9485555555556,50.86507683160322,-6.916521276047618
Honduras,2022,40.3585454545455,51.993428643241415,-11.634883188695916
Honduras,2023,40.3585454545455,52.879323664606176,-12.520778210060676
Hungary,2019,75.5976,75.45585531023868,0.1417446897613246
Hungary,2019,63.476,67.15422543280154,-3.67822543280154
Hungary,2019,72.1823636363636,73.9168509624498,-1.734487326086196
Hungary,2020,76.7995,76.64199082560057,0.15750917439942214
Hungary,2020,63.6059,68.23572015203976,-4.629820152039763
Hungary,2020,71.3744545454545,74.13137390790098,-2.7569193624464816
Hungary,2021,76.1849,76.11638518388737,0.068514816112625
Hungary,2021,64.6175,67.28865218282392,-2.671152182823917
Hungary,2021,71.6863636363636,72.77527386875857,-1.08891023239498
Hungary,2022,76.1849,76.23516304855224,-0.05026304855223884
Hungary,2022,63.5965,66.86546547698502,-3.2689654769850236
Hungary,2022,69.1620909090909,71.2595075094061,-2.0974166003151993
Hungary,2023,69.7643636363636,68.10630413587283,1.658059500490765
Iceland,2019,95.7546666666667,93.7945495602702,1.9601171063964955
Iceland,2019,93.1421428571429,87.36338999758388,5.77875285955902
Iceland,2019,94.2731428571429,92.06802411076913,2.2051187463737705
Iceland,2020,94.6564444444444,92.33722553043017,2.319218914014229
Iceland,2020,92.2902857142857,86.32170855617957,5.968577158106129
Iceland,2020,94.5891428571429,91.85901858642721,2.7301242707156916
Iceland,2021,94.4697777777778,92.03264771752471,2.4371300602530823
Iceland,2021,92.0502857142857,85.98661694369615,6.063668770589558
Iceland,2021,93.7711428571429,91.07910744365232,2.6920354134905864
Iceland,2022,94.4697777777778,92.04791038551777,2.421867392260026
Iceland,2022,91.6542857142857,86.00679267515568,5.647493039130026
Iceland,2022,93.1937142857143,91.10852674616292,2.08518753955137
Iceland,2023,92.0538571428572,86.89286527461833,5.160991868238867
India,2019,57.4733333333333,63.047465684410895,-5.574132351077594
India,2019,55.5088,63.29689026849866,-7.788090268498657
India,2020,56.1017777777778,63.39902017474397,-7.297242396966169
India,2020,53.9335,61.70791585401603,-7.774415854016027
India,2021,54.347,63.01075730638509,-8.663757306385087
India,2021,53.1561,61.540834831135996,-8.384734831135994
India,2022,54.347,62.952908520389826,-8.605908520389825
India,2022,51.1418,61.858082991616016,-10.716282991616012
India,2023,50.8013,62.3305262795007,-11.529226279500705
Indonesia,2019,71.0317777777778,69.30360676089431,1.7281710168834934
Indonesia,2019,67.1034,67.10422863931997,-0.0008286393199767872
Indonesia,2020,70.0482222222222,68.10142211901284,1.9468001032093554
Indonesia,2020,66.4399,66.88162860911395,-0.4417286091139516
Indonesia,2021,71.2727777777778,68.80702227440295,2.465755503374851
Indonesia,2021,67.004,67.8343210124557,-0.8303210124556983
Indonesia,2022,71.2727777777778,68.81612259918535,2.456655178592456
Indonesia,2022,64.3983,66.81535374331708,-2.4170537433170693
Indonesia,2023,64.7899,67.91668640900127,-3.1267864090012694
"Iran, Islamic Rep.",2019,63.866625,57.191877909980505,6.674747090019494
"Iran, Islamic Rep.",2019,60.6109,61.62206381600955,-1.0111638160095495
"Iran, Islamic Rep.",2020,63.8125,57.379534550337596,6.4329654496624045
"Iran, Islamic Rep.",2020,59.7534,61.262982637047365,-1.509582637047366
"Iran, Islamic Rep.",2021,62.622875,57.52391648749478,5.09895851250522
"Iran, Islamic Rep.",2021,60.2312,60.87897426083983,-0.6477742608398316
"Iran, Islamic Rep.",2022,62.622875,57.59395742735494,5.028917572645064
"Iran, Islamic Rep.",2022,59.1066,60.924208346101864,-1.8176083461018635
"Iran, Islamic Rep.",2023,58.9743,61.64309946836198,-2.668799468361982
Iraq,2019,67.0295714285714,60.48967951400489,6.53989191456651
Iraq,2019,64.619,58.015122166755205,6.603877833244795
Iraq,2020,67.4051428571429,61.02786436273724,6.377278494405665
Iraq,2020,63.8776666666667,58.394815829160684,5.482850837506014
Iraq,2021,67.2411428571429,61.59598211197317,5.645160745169733
Iraq,2021,64.2491666666667,59.07323092724466,5.175935739422037
Iraq,2022,67.2411428571429,61.56545677598706,5.675686081155845
Iraq,2022,62.711,59.14040330301664,3.5705966969833582
Iraq,2023,62.711,59.14040330301664,3.5705966969833582
Ireland,2019,89.3579,85.30401570430216,4.053884295697841
Ireland,2019,81.1412,83.4487551422227,-2.3075551422226965
Ireland,2019,88.7752727272727,88.97710516892289,-0.20183244165019687
Ireland,2020,89.2073,84.56699313409854,4.640306865901465
Ireland,2020,81.5029,82.50526613169416,-1.00236613169416
Ireland,2020,89.0481818181818,88.25885037581713,0.78933144236467
Ireland,2021,88.5177,84.92232838356678,3.5953716164332263
Ireland,2021,82.4751,83.4214560356662,-0.9463560356661986
Ireland,2021,88.881,88.66472098029891,0.21627901970109065
Ireland,2022,88.5177,84.94355575664349,3.574144243356514
Ireland,2022,82.4785,84.63161164731565,-2.1531116473156544
Ireland,2022,89.7699090909091,89.86189658440767,-0.09198749349857849
Ireland,2023,89.3134545454545,87.4084212833917,1.9050332620628012
Israel,2019,73.3258888888889,76.35716770006009,-3.031278811171191
Israel,2019,70.2427142857143,73.7249830989602,-3.482268813245895
Israel,2020,73.994,76.42323497936263,-2.429234979362633
Israel,2020,70.2418571428571,73.73331625067999,-3.491459107822891
Israel,2021,73.2527777777778,75.88422969402893,-2.6314519162511374
Israel,2021,69.9347142857143,73.32622612362144,-3.3915118379071316
Israel,2022,73.2527777777778,75.89948082561384,-2.6467030478360414
Israel,2022,67.9897142857143,74.96623682546972,-6.976522539755422
Israel,2023,65.899,74.64913511255263,-8.750135112552627
Italy,2019,77.6488,75.5107142094012,2.138085790598794
Italy,2019,71.3833,74.15666402129281,-2.7733640212928066
Italy,2019,71.9628181818182,75.651802777755,-3.6889845959368017
Italy,2020,78.9173,76.00591257064914,2.911387429350853
Italy,2020,70.9137,74.26105466931027,-3.3473546693102634
Italy,2020,72.0536363636364,75.83565077956592,-3.782014415929524
Italy,2021,78.6552,76.79692115244995,1.8582788475500394
Italy,2021,71.9468,75.49375198438327,-3.54695198438327
Italy,2021,72.8722727272727,77.11695953718733,-4.244686809914626
Italy,2022,78.6552,76.79072655503121,1.8644734449687803
Italy,2022,70.4144,75.44100096458928,-5.026600964589278
Italy,2022,71.2953636363636,77.24543476783654,-5.950071131472939
Italy,2023,71.6059090909091,74.27718707387724,-2.6712779829681494
Jamaica,2019,66.6075,63.44004273119974,3.1674572688002627
Jamaica,2019,60.4136363636364,62.90309905683293,-2.489462693196529
Jamaica,2020,68.0131,63.95626373677743,4.056836263222564
Jamaica,2020,62.0868181818182,63.60163265292886,-1.514814471110661
Jamaica,2021,66.1561,63.201488372148475,2.95461162785152
Jamaica,2021,62.5139090909091,63.73607969998326,-1.2221706090741549
Jamaica,2022,66.1561,63.268481273542406,2.887618726457589
Jamaica,2022,61.4306363636364,63.878838625152056,-2.448202261515654
Jamaica,2023,60.2847272727273,64.6526614253302,-4.367934152602892
Japan,2019,90.4862,85.642710005172,4.843489994827991
Japan,2019,89.2209090909091,83.70957511556658,5.511333975342524
Japan,2020,90.6697,86.77674986980074,3.8929501301992673
Japan,2020,88.8051818181818,84.51694174081726,4.288240077364534
Japan,2021,90.3592,86.36470196972064,3.9944980302793596
Japan,2021,89.2628181818182,84.02113634223227,5.241681839585937
Japan,2022,90.3592,86.43171734677654,3.927482653223464
Japan,2022,87.5866363636364,84.29644328002178,3.290193083614625
Japan,2023,87.1604545454546,86.24891031831561,0.9115442271389895
Jordan,2019,74.4664,72.07845069649896,2.3879493035010313
Jordan,2019,70.8161818181818,69.25942610689955,1.5567557112822499
Jordan,2020,76.8285,73.38931062141668,3.439189378583322
Jordan,2020,69.5225454545454,68.54657194961068,0.9759735049347142
Jordan,2021,77.4146,73.54039730444701,3.874202695552981
Jordan,2021,67.9885454545454,68.64140456800894,-0.6528591134635349
Jordan,2022,77.4146,73.46428160260874,3.950318397391257
Jordan,2022,66.8084545454545,67.87893674983442,-1.0704822043799282
Jordan,2023,65.8623636363636,68.91977906109906,-3.057415424735467
Kazakhstan,2019,69.9781111111111,70.7186152507834,-0.7405041396722964
Kazakhstan,2019,62.7011,65.70169329512761,-3.000593295127615
Kazakhstan,2020,67.6805555555556,71.46222554163185,-3.7816699860762526
Kazakhstan,2020,63.9188,66.23286492347145,-2.314064923471456
Kazakhstan,2021,68.7262222222222,71.33848885444628,-2.6122666322240775
Kazakhstan,2021,64.3983,65.24848179228572,-0.85018179228571
Kazakhstan,2022,68.7262222222222,71.35375152243934,-2.627529300217134
Kazakhstan,2022,64.1551,64.47764645128298,-0.32254645128297454
Kazakhstan,2023,63.0582,67.02160094209077,-3.9634009420907717
Kenya,2019,58.7763333333333,60.12621106583155,-1.3498777324982498
Kenya,2019,54.0895,60.49608026490109,-6.406580264901088
Kenya,2020,58.6053333333333,61.16644369583363,-2.5611103625003295
Kenya,2020,53.7399,61.355666464979855,-7.615766464979856
Kenya,2021,57.1048888888889,60.16632215045572,-3.061433261566819
Kenya,2021,52.916,60.13441053959439,-7.2184105395943945
Kenya,2022,57.1048888888889,60.300330428905525,-3.195441540016624
Kenya,2022,53.2422,61.041398153817894,-7.799198153817898
Kenya,2023,50.7413,61.66188520193588,-10.920585201935879
Kiribati,2019,85.8852,65.9536561606862,19.931543839313804
Kiribati,2020,85.8852,65.9536561606862,19.931543839313804
Kiribati,2021,85.8852,65.9536561606862,19.931543839313804
Kiribati,2022,85.8852,65.9536561606862,19.931543839313804
"Korea, Dem. Rep.",2019,58.87,49.66739195787555,9.202608042124446
"Korea, Dem. Rep.",2020,59.1346,49.974568160438686,9.160031839561313
"Korea, Dem. Rep.",2021,58.6054,49.25340015217736,9.35199984782264
"Korea, Dem. Rep.",2022,58.6054,49.28392548816347,9.321474511836534
"Korea, Rep.",2019,75.9238888888889,66.4700200143484,9.45386887454049
"Korea, Rep.",2019,80.5187,64.94933033161442,15.569369668385576
"Korea, Rep.",2020,78.3027777777778,67.33314471875124,10.969633059026563
"Korea, Rep.",2020,81.3188,65.62981113220398,15.688988867796013
"Korea, Rep.",2021,78.4925555555556,67.62539168809512,10.867163867460476
"Korea, Rep.",2021,81.6649,65.44349504200927,16.22140495799073
"Korea, Rep.",2022,78.4925555555556,67.66797780609734,10.824577749458257
"Korea, Rep.",2022,81.0215,66.08484411363935,14.936655886360654
"Korea, Rep.",2023,79.5132,68.17079645523971,11.342403544760288
Kuwait,2019,78.3632857142857,72.43075170343256,5.932534010853132
Kuwait,2019,74.4153333333333,62.06863096654395,12.346702366789344
Kuwait,2020,79.7681428571428,73.13491590616952,6.633226950973281
Kuwait,2020,74.6252222222222,62.76663796206235,11.858584260159859
Kuwait,2021,79.9448571428571,73.45796918292416,6.486887959932943
Kuwait,2021,74.7583333333333,63.105237764503734,11.653095568829563
Kuwait,2022,79.9448571428571,73.4427065149311,6.5021506279259995
Kuwait,2022,68.6761111111111,63.14107551549997,5.535035595611127
Kuwait,2023,70.3426666666667,65.92837332862827,4.4142933380384335
Kyrgyz Republic,2019,67.2741,68.95849015455381,-1.6843901545538102
Kyrgyz Republic,2019,61.3921,53.69276676563659,7.699333234363408
Kyrgyz Republic,2020,67.7301,69.53580679115487,-1.8057067911548756
Kyrgyz Republic,2020,60.7017,53.996197628664945,6.705502371335058
Kyrgyz Republic,2021,67.5262,68.13806086981104,-0.6118608698110393
Kyrgyz Republic,2021,60.2718,52.57746410163358,7.694335898366418
Kyrgyz Republic,2022,67.5262,68.229559075083,-0.7033590750830001
Kyrgyz Republic,2022,59.0157,52.59599999486119,6.4197000051388144
Kyrgyz Republic,2023,55.7292,53.517055454456944,2.2121445455430546
Lao PDR,2019,47.2807142857143,51.58089314286508,-4.300178857150776
Lao PDR,2019,43.8142,49.975057848775464,-6.160857848775464
Lao PDR,2020,46.2947142857143,51.329933386966566,-5.035219101252267
Lao PDR,2020,43.8142,49.975057848775464,-6.160857848775464
Lao PDR,2021,45.7034285714286,51.87282267185944,-6.169394100430836
Lao PDR,2021,44.0788,50.312747850916544,-6.233947850916543
Lao PDR,2022,45.7034285714286,51.85756000386638,-6.154131432437779
Lao PDR,2022,44.3434,50.66570052105068,-6.322300521050678
Lao PDR,2023,43.5496,49.59157984265522,-6.041979842655223
Latin America and the Caribbean,2019,59.2811,60.74244365751596,-1.461343657515961
Latin America and the Caribbean,2019,55.1540909090909,61.71271826904814,-6.558627359957242
Latin America and the Caribbean,2020,59.9864,61.41254811888035,-1.4261481188803486
Latin America and the Caribbean,2020,55.2192727272727,62.27893067531262,-7.05965794803992
Latin America and the Caribbean,2021,59.9998,61.20065781765405,-1.2008578176540468
Latin America and the Caribbean,2021,54.9938181818182,62.135810583588714,-7.141992401770516
Latin America and the Caribbean,2022,53.2188181818182,62.43681251485166,-9.21799433303346
Latin America and the Caribbean,2023,52.433,61.84052182558585,-9.407521825585853
Latvia,2019,78.9395,76.28438008785332,2.6551199121466738
Latvia,2019,79.6174,76.70397147044264,2.9134285295573648
Latvia,2019,79.9737272727273,79.25432798272644,0.7193992900008652
Latvia,2020,81.142,77.77425545651788,3.367744543482118
Latvia,2020,79.2756,76.81833897285333,2.4572610271466715
Latvia,2020,80.4333636363636,79.72053496857683,0.7128286677867663
Latvia,2021,82.3592,78.84606721093506,3.51313278906494
Latvia,2021,79.76,77.46734677490568,2.292653225094327
Latvia,2021,81.0902727272727,80.35577724537242,0.7344954819002822
Latvia,2022,82.3592,78.8673158989661,3.4918841010339037
Latvia,2022,79.3462,77.69163671243741,1.6545632875625813
Latvia,2022,80.7187272727273,80.62846352057895,0.0902637521483598
Latvia,2023,81.5453636363636,77.39184157320969,4.153522063153915
Lebanon,2019,57.878,57.93842051272878,-0.06042051272878268
Lebanon,2019,52.5234,55.88253045998535,-3.3591304599853444
Lebanon,2020,58.1327777777778,56.871425261604216,1.2613525161735808
Lebanon,2020,53.922,56.41145687965857,-2.489456879658576
Lebanon,2021,55.5653333333333,55.823754618542964,-0.2584212852096641
Lebanon,2021,51.246,53.71928591265812,-2.4732859126581204
Lebanon,2022,55.5653333333333,55.86335896435717,-0.2980256310238687
Lebanon,2022,47.8999,53.97556381748453,-6.075663817484525
Lebanon,2023,46.927,54.74976888666252,-7.822768886662523
Lesotho,2019,46.1742222222222,60.2648381246144,-14.090615902392202
Lesotho,2019,54.7818571428572,60.424865365629,-5.643008222771805
Lesotho,2020,45.8225555555556,60.65002310606293,-14.827467550507329
Lesotho,2020,54.7595714285714,60.77332012492327,-6.013748696351875
Lesotho,2021,45.1975555555556,59.58822952251189,-14.390673966956285
Lesotho,2021,53.8474285714286,59.77809726276213,-5.93066869133353
Lesotho,2022,45.1975555555556,59.63400599008289,-14.436450434527288
Lesotho,2022,50.9798571428571,59.56161463767348,-8.58175749481638
Lesotho,2023,48.2417142857143,60.44154643753891,-12.199832151824609
Liberia,2019,49.82,52.3981144893911,-2.5781144893910977
Liberia,2019,43.7232727272727,54.45626562422498,-10.732992896952283
Liberia,2020,49.6191,52.53117405836172,-2.9120740583617177
Liberia,2020,43.4616363636364,54.24351224871659,-10.78187588508019
Liberia,2021,49.5929,52.947415705366524,-3.3545157053665235
Liberia,2021,42.6875454545455,55.48532261499534,-12.79777716044984
Liberia,2022,49.5929,52.79209247260748,-3.1991924726074785
Liberia,2022,41.3197272727273,54.48168596739883,-13.161958694671533
Liberia,2023,41.6463636363636,54.59464008698209,-12.948276450618486
Libya,2019,37.0176,41.37729544943194,-4.359695449431939
Libya,2020,36.753,41.009080111304755,-4.256080111304755
Libya,2021,36.7644,41.02392791036087,-4.259527910360866
Libya,2022,36.7644,41.02392791036087,-4.259527910360866
Liechtenstein,2019,86.1542,60.93739207832164,25.21680792167836
Liechtenstein,2020,86.4314,60.927304212591885,25.50409578740811
Liechtenstein,2021,86.44,60.926991241288576,25.513008758711422
Liechtenstein,2022,86.44,60.926991241288576,25.513008758711422
Lithuania,2019,78.1287,75.32833912120569,2.800360878794308
Lithuania,2019,83.1218,79.83675185522281,3.2850481447771784
Lithuania,2019,85.3967272727273,83.43002767717753,1.9666995955497697
Lithuania,2020,77.3708,74.65008904037325,2.720710959626757
Lithuania,2020,82.5272,79.43048154806112,3.0967184519388695
Lithuania,2020,85.6147272727273,83.38403277406748,2.2306944986598154
Lithuania,2021,78.0026,75.11686807134396,2.8857319286560426
Lithuania,2021,84.19,79.5793043070016,4.610695692998391
Lithuania,2021,87.4105454545455,83.66200031023288,3.748545144312615
Lithuania,2022,78.0026,75.19903605949843,2.8035639405015758
Lithuania,2022,85.8104,79.55944261085273,6.250957389147274
Lithuania,2022,88.8708181818182,83.88605889425358,4.984759287564614
Lithuania,2023,88.2941818181818,79.73337927808954,8.560802540092254
Low-income Countries,2019,42.8288181818182,55.16147754672832,-12.332659364910121
Low-income Countries,2020,42.9449090909091,55.30695695082566,-12.362047859916558
Low-income Countries,2021,42.8377272727273,55.609073726445146,-12.771346453717847
Low-income Countries,2022,40.9547272727273,55.84818614366355,-14.89345887093625
Low-income Countries,2023,40.1319090909091,55.72071830052417,-15.588809209615071
Lower & Lower-middle Income,2019,52.6498181818182,61.623469906906514,-8.973651725088317
Lower & Lower-middle Income,2020,51.7397272727273,60.838260508355674,-9.098533235628373
Lower & Lower-middle Income,2021,51.0949090909091,60.58837856177636,-9.493469470867261
Lower & Lower-middle Income,2022,49.092,60.77118719072326,-11.679187190723262
Lower & Lower-middle Income,2023,48.2683636363636,60.71573253578116,-12.447368899417555
Lower-middle-income Countries,2019,54.8559090909091,62.9991242937748,-8.143215202865697
Lower-middle-income Countries,2020,53.7973636363636,62.076559031751124,-8.279195395387525
Lower-middle-income Countries,2021,53.0833636363636,61.752876951297,-8.669513314933397
Lower-middle-income Countries,2022,51.0569090909091,61.927974728321786,-10.871065637412684
Lower-middle-income Countries,2023,50.4628181818182,61.90631393878725,-11.44349575696905
Luxembourg,2019,90.0581,82.73085489520055,7.327245104799445
Luxembourg,2019,85.3767,80.47176094877285,4.904939051227146
Luxembourg,2019,90.4438181818182,86.36758252570847,4.076235656109731
Luxembourg,2020,90.4295,82.8302851867882,7.599214813211802
Luxembourg,2020,84.6771,79.98951010432415,4.687589895675842
Luxembourg,2020,90.5224545454546,86.263610380138,4.258844165316589
Luxembourg,2021,90.2618,83.2050730641296,7.056726935870387
Luxembourg,2021,84.8571,80.36639316115186,4.490706838848141
Luxembourg,2021,90.0276363636364,86.35702352134676,3.6706128422896427
Luxembourg,2022,90.2618,83.23548834322125,7.026311656778745
Luxembourg,2022,83.9075,78.61280151577401,5.294698484225989
Luxembourg,2022,90.4527272727273,85.24221597627033,5.210511296456971
Luxembourg,2023,91.3286363636364,82.7159056228925,8.612730740743899
Madagascar,2019,42.501,48.68206961565147,-6.181069615651474
Madagascar,2019,42.4069,46.10758474244048,-3.7006847424404796
Madagascar,2020,43.3273333333333,48.676935429366964,-5.349602096033664
Madagascar,2020,43.2501,46.0068943000465,-2.7567943000464936
Madagascar,2021,43.3854444444444,49.04481114620545,-5.659366701761044
Madagascar,2021,44.4953,48.55303022560513,-4.057730225605127
Madagascar,2022,43.3854444444444,49.03869259361106,-5.653248149166657
Madagascar,2022,41.0321,49.04846576766528,-8.016365767665278
Madagascar,2023,40.0769,49.49533439479153,-9.418434394791525
Malawi,2019,55.4234,61.04140294216588,-5.61800294216588
Malawi,2019,60.9601818181818,66.83274680664185,-5.872564988460049
Malawi,2020,55.4279,60.48504779410747,-5.057147794107472
Malawi,2020,61.5643636363636,66.29881863825105,-4.734455001887447
Malawi,2021,55.4619,62.11672533633582,-6.6548253363358185
Malawi,2021,62.1359090909091,67.84493228559057,-5.709023194681471
Malawi,2022,55.4619,62.0861014798634,-6.624201479863402
Malawi,2022,60.5283636363637,67.51326470423972,-6.984901067876017
Malawi,2023,61.1079090909091,68.27740775636953,-7.169498665460431
Malaysia,2019,72.92175,66.07787272747342,6.8438772725265835
Malaysia,2019,64.5425555555556,62.491282173421226,2.0512733821343687
Malaysia,2020,71.511625,65.35039852480237,6.161226475197623
Malaysia,2020,63.383,59.57506675380643,3.8079332461935707
Malaysia,2021,70.5395,64.67854877512005,5.860951224879955
Malaysia,2021,61.368,58.939695901535146,2.4283040984648565
Malaysia,2022,70.5395,64.59037229126567,5.949127708734338
Malaysia,2022,59.5185555555555,58.81504884629932,0.7035067092561818
Malaysia,2023,60.0797777777778,61.08379025313709,-1.0040124753592892
Maldives,2019,69.5446666666667,62.23356527571685,7.311101390949851
Maldives,2019,75.4068,61.273341945783855,14.133458054216149
Maldives,2020,73.1621666666667,67.18143865733592,5.9807280093307895
Maldives,2020,80.0398,65.96642078123101,14.073379218768991
Maldives,2021,72.691,65.90062596871168,6.790374031288323
Maldives,2021,79.5794,64.94121767800293,14.638182321997078
Maldives,2022,72.691,65.94641397269083,6.744586027309168
Maldives,2022,74.8626,65.11287152026173,9.749728479738266
Maldives,2023,71.6024,64.86920882177712,6.7331911782228815
Mali,2019,56.3425,50.498475866954045,5.844024133045956
Mali,2019,53.8537777777778,50.342779866753396,3.510997911024404
Mali,2020,56.235,49.826007007978525,6.408992992021474
Mali,2020,53.9191111111111,49.8143228658313,4.104788245279799
Mali,2021,56.399625,49.608050211021585,6.791574788978416
Mali,2021,53.5832222222222,49.90303503381452,3.680187188407679
Mali,2022,56.399625,49.586779047328605,6.812845952671395
Mali,2022,50.3201111111111,49.87440699642889,0.44570411468221494
Mali,2023,49.4126666666667,50.615972037361324,-1.203305370694622
Malta,2019,79.1704444444444,73.40776382965605,5.762680614788351
Malta,2019,66.1447,68.38899666618393,-2.244296666183928
Malta,2019,68.933,71.4897504263722,-2.55675042637219
Malta,2020,80.1116666666667,73.24314217775884,6.868524488907852
Malta,2020,65.983,68.51911677306312,-2.536116773063114
Malta,2020,68.9694,71.60014672389441,-2.6307467238944184
Malta,2021,79.8211111111111,73.48983788371008,6.331273227401013
Malta,2021,66.0191,68.37092145137962,-2.351821451379621
Malta,2021,68.778,71.3521244857589,-2.574124485758901
Malta,2022,79.8211111111111,73.47762325418326,6.343487856927837
Malta,2022,65.1306,67.15810198674102,-2.027501986741015
Malta,2022,67.3781,70.49415232864582,-3.1160523286458215
Malta,2023,67.2552,67.51716972603826,-0.2619697260382594
Marshall Islands,2019,76.0028375000001,44.97324026724409,31.02959723275601
Marshall Islands,2020,76.0028375000001,44.97324026724409,31.02959723275601
Marshall Islands,2021,76.0028375000001,44.97324026724409,31.02959723275601
Marshall Islands,2022,76.0028375000001,44.97324026724409,31.02959723275601
Mauritania,2019,48.873125,47.602775987287735,1.2703490127122663
Mauritania,2019,48.7240909090909,58.03374399504248,-9.309653085951581
Mauritania,2020,50.031,47.93049215040534,2.1005078495946563
Mauritania,2020,49.2956363636364,58.151729244300725,-8.856092880664328
Mauritania,2021,49.917375,47.67496112567409,2.242413874325912
Mauritania,2021,49.7029090909091,57.353114078477745,-7.650204987568642
Mauritania,2022,49.917375,47.656738000447326,2.2606369995526734
Mauritania,2022,48.3954545454545,58.18704111310412,-9.791586567649624
Mauritania,2023,51.4447272727273,58.65840700455912,-7.213679731831824
Mauritius,2019,71.98475,62.461572940362124,9.52317705963788
Mauritius,2019,65.9333333333333,59.37268920624868,6.560644127084615
Mauritius,2020,72.342875,62.73763774762602,9.605237252373989
Mauritius,2020,64.595,58.19163530563893,6.403364694361066
Mauritius,2021,73.034125,63.273049920122645,9.761075079877358
Mauritius,2021,64.559,58.173936397299485,6.385063602700512
Mauritius,2022,73.034125,63.273006129506385,9.761118870493618
Mauritius,2022,64.0501111111111,58.29497762358797,5.755133487523125
Mauritius,2023,64.0766666666667,59.75519590171052,4.3214707649561745
Mexico,2019,53.7227,59.28151054975288,-5.558810549752877
Mexico,2019,46.7330909090909,60.069789937765854,-13.336699028674957
Mexico,2020,53.8567,59.94474837072078,-6.088048370720784
Mexico,2020,46.0685454545455,59.222424934583955,-13.153879480038455
Mexico,2021,54.3785,60.20097128544765,-5.822471285447648
Mexico,2021,45.7044545454546,59.13034740148501,-13.425892856030408
Mexico,2022,54.3785,60.20401932391387,-5.825519323913866
Mexico,2022,45.2058181818182,60.06132982473119,-14.855511642912987
Mexico,2023,45.4785454545455,60.687778238662226,-15.209232784116729
"Micronesia, Fed. Sts.",2019,76.0028375000001,48.25117536836927,27.75166213163083
"Micronesia, Fed. Sts.",2020,76.0028375000001,48.25117536836927,27.75166213163083
"Micronesia, Fed. Sts.",2021,76.0028375000001,48.25117536836927,27.75166213163083
"Micronesia, Fed. Sts.",2022,76.0028375000001,48.25117536836927,27.75166213163083
Middle East and North Africa,2019,67.34,72.62770701736675,-5.287707017366742
Middle East and North Africa,2019,58.2983,64.41926816789483,-6.12096816789483
Middle East and North Africa,2020,67.61425,72.57841717693061,-4.964167176930616
Middle East and North Africa,2020,57.803,64.49099929472538,-6.687999294725387
Middle East and North Africa,2021,68.008125,72.68373140064122,-4.675606400641215
Middle East and North Africa,2021,57.4499,63.982617728387794,-6.532717728387794
Middle East and North Africa,2022,56.1186,64.25749448764955,-8.138894487649551
Middle East and North Africa,2023,56.2459,64.67939648790292,-8.433496487902922
Moldova,2019,71.196,70.73891891119032,0.457081088809673
Moldova,2019,64.2353,64.2305105339837,0.004789466016291044
Moldova,2020,72.1474444444444,71.03126005761894,1.1161843868254664
Moldova,2020,66.5129,64.31398320637766,2.1989167936223453
Moldova,2021,72.9547777777778,72.17203772160349,0.782740056174319
Moldova,2021,66.8857,65.28489879066319,1.600801209336808
Moldova,2022,72.9547777777778,72.03799718894558,0.9167805888322249
Moldova,2022,68.8543,66.24390255552353,2.6103974444764617
Moldova,2023,69.5407,68.42316889091055,1.1175311090894553
Monaco,2019,89.528,62.85367045447038,26.674329545529623
Monaco,2020,89.528,62.85367045447038,26.674329545529623
Monaco,2021,89.528,62.85367045447038,26.674329545529623
Monaco,2022,89.528,62.85367045447038,26.674329545529623
Mongolia,2019,64.2704,68.43401605654047,-4.1636160565404765
Mongolia,2019,65.1418181818182,64.0758254276266,1.0659927541915977
Mongolia,2020,66.172,68.97097212446576,-2.798972124465763
Mongolia,2020,67.1934545454545,64.92030896984608,2.2731455756084245
Mongolia,2021,63.9827,68.30340419161213,-4.32070419161213
Mongolia,2021,65.6363636363636,64.17837209307659,1.457991543287008
Mongolia,2022,63.9827,68.18768530466728,-4.204985304667282
Mongolia,2022,63.4990909090909,63.64793343263204,-0.14884252354113414
Mongolia,2023,62.0160909090909,64.99082878832614,-2.974737879235242
Montenegro,2019,74.5013333333333,77.88596100558499,-3.384627672251682
Montenegro,2019,70.6598181818182,66.19092740892583,4.468890772892365
Montenegro,2020,75.5016666666667,78.3528353830316,-2.85116871636491
Montenegro,2020,69.6816363636364,65.25709929764582,4.424537065990577
Montenegro,2021,75.5693333333333,78.71098483248107,-3.1416514991477698
Montenegro,2021,69.6168181818182,65.48173812741332,4.135080054404881
Montenegro,2022,75.5693333333333,78.69572216448802,-3.1263888311547134
Montenegro,2022,69.6483636363636,65.10390136432335,4.544462272040249
Montenegro,2023,71.0319090909091,66.36363475980187,4.668274331107227
Morocco,2019,72.2663333333333,72.28479051205596,-0.018457178722670164
Morocco,2019,65.4911,71.62001808309738,-6.128918083097375
Morocco,2020,73.1745555555555,72.43665407417393,0.7379014813815701
Morocco,2020,64.019,70.36304070491104,-6.344040704911038
Morocco,2021,73.639,72.24988343665667,1.3891165633433218
Morocco,2021,62.6892,69.76153290736754,-7.072332907367539
Morocco,2022,73.639,72.23469681348799,1.40430318651201
Morocco,2022,59.6484,69.21214936705391,-9.563749367053909
Morocco,2023,59.7629,70.13257326112713,-10.369673261127133
Mozambique,2019,55.3396666666667,60.03713010241386,-4.69746343574716
Mozambique,2019,50.5781,56.2469140526764,-5.668814052676403
Mozambique,2020,54.8081111111111,59.82707111702601,-5.018960005914906
Mozambique,2020,49.7943,56.114110883490035,-6.319810883490035
Mozambique,2021,53.3366666666667,59.71781803021023,-6.38115136354353
Mozambique,2021,49.2573,56.5439382364511,-7.286638236451097
Mozambique,2022,53.3366666666667,59.644706576221914,-6.308039909555212
Mozambique,2022,46.2723,56.85952158873258,-10.587221588732582
Mozambique,2023,46.6671,57.33297347081529,-10.665873470815292
Myanmar,2019,65.19075,60.97346409124773,4.217285908752267
Myanmar,2019,59.2865454545455,63.78808731670955,-4.5015418621640535
Myanmar,2020,65.010125,61.078163219240096,3.931961780759906
Myanmar,2020,58.3016363636364,63.44268347383243,-5.141047110196034
Myanmar,2021,59.282875,59.473624263917074,-0.19074926391707692
Myanmar,2021,50.5766363636364,56.95785570021671,-6.381219336580308
Myanmar,2022,59.282875,59.28481639864586,-0.001941398645861625
Myanmar,2022,51.8729090909091,62.50214142958307,-10.629232338673972
Myanmar,2023,51.5120909090909,62.512232423465065,-11.000141514374164
Namibia,2019,67.6466666666667,70.07354698294638,-2.4268803162796786
Namibia,2019,69.6698,71.81294258258819,-2.1431425825881973
Namibia,2020,68.1273333333333,71.89854219479619,-3.7712088614628954
Namibia,2020,68.9144,72.22254859038226,-3.3081485903822596
Namibia,2021,67.9535555555556,71.22635636003953,-3.2728008044839356
Namibia,2021,68.1409,72.01388366206079,-3.87298366206079
Namibia,2022,67.9535555555556,71.2203478643396,-3.266792308784005
Namibia,2022,67.5822,71.99953247566751,-4.417332475667507
Namibia,2023,65.9822,73.16651575219134,-7.184315752191338
Nauru,2019,76.0028375000001,46.07107244406995,29.93176505593015
Nauru,2020,76.0028375000001,46.07107244406995,29.93176505593015
Nauru,2021,76.0028375000001,46.07107244406995,29.93176505593015
Nauru,2022,76.0028375000001,46.07107244406995,29.93176505593015
Nepal,2019,60.8626666666667,59.94816994862845,0.9144967180382508
Nepal,2019,56.457,60.150455874439395,-3.693455874439394
Nepal,2020,61.0577777777778,59.79668485909137,1.2610929186864297
Nepal,2020,55.5300909090909,59.58520638714385,-4.055115478052947
Nepal,2021,60.7441111111111,59.64575732958944,1.0983537815216593
Nepal,2021,55.6035454545455,60.15491374175933,-4.551368287213833
Nepal,2022,60.7441111111111,59.53310779606513,1.2110033150459714
Nepal,2022,54.2838181818182,60.528148851508355,-6.244330669690157
Nepal,2023,53.9969090909091,61.751036990379355,-7.754127899470255
Netherlands,2019,84.5893,79.09225062316142,5.497049376838575
Netherlands,2019,78.2443,73.9253748736149,4.318925126385096
Netherlands,2019,90.3237272727273,85.24673796106526,5.076989311662032
Netherlands,2020,85.1998,79.28841282598108,5.911387174018913
Netherlands,2020,76.4974,73.01829366457285,3.479106335427147
Netherlands,2020,90.2023636363636,84.66205558771281,5.540308048650786
Netherlands,2021,85.1998,79.31582385722277,5.883976142777229
Netherlands,2021,76.5402,72.98715918624431,3.553040813755686
Netherlands,2021,90.7046363636364,85.21618407112966,5.488452292506736
Netherlands,2022,85.1998,79.31582385722277,5.883976142777229
Netherlands,2022,74.4942,72.44829222440853,2.0459077755914734
Netherlands,2022,88.4448181818182,84.69147313295191,3.7533450488662936
Netherlands,2023,90.1807272727273,82.64074481085876,7.539982461868533
New Zealand,2019,88.9981,85.17421899698613,3.8238810030138666
New Zealand,2019,91.4106363636364,83.94424044625384,7.466395917382556
New Zealand,2020,89.1525,85.35622080133908,3.796279198660926
New Zealand,2020,91.9859090909091,84.84502035156032,7.140888739348782
New Zealand,2021,89.0699,85.26577316324651,3.804126836753497
New Zealand,2021,91.6294545454545,84.17719400690726,7.452260538547236
New Zealand,2022,89.0699,85.27489596369085,3.7950040363091517
New Zealand,2022,89.7373636363636,83.52291051953911,6.214453116824487
New Zealand,2023,88.7733636363636,84.8998796191749,3.8734840171887015
Nicaragua,2019,62.2341111111111,63.576481132134894,-1.3423700210237968
Nicaragua,2019,56.5954,59.59233394370112,-2.996933943701123
Nicaragua,2020,57.2553333333333,63.03210552047486,-5.77677218714156
Nicaragua,2020,55.836,59.37820456664481,-3.5422045666448128
Nicaragua,2021,58.2486666666667,62.93184289061145,-4.6831762239447485
Nicaragua,2021,54.2473,57.865668123174466,-3.618368123174463
Nicaragua,2022,58.2486666666667,62.995875334771675,-4.7472086681049745
Nicaragua,2022,48.9339,58.13743732013562,-9.203537320135617
Nicaragua,2023,48.6693,58.18063567336494,-9.51133567336494
Niger,2019,54.223,60.44544384124957,-6.2224438412495715
Niger,2019,49.1516363636364,57.1963297168032,-8.0446933531668
Niger,2020,55.1867777777778,60.015569497693065,-4.828791719915266
Niger,2020,50.0574545454545,56.68318579248913,-6.625731247034629
Niger,2021,55.0096666666667,59.67400745047464,-4.664340783807937
Niger,2021,50.186,56.82034252537532,-6.634342525375317
Niger,2022,55.0096666666667,59.65272475037351,-4.643058083706805
Niger,2022,49.666,57.11301811879228,-7.447018118792286
Niger,2023,48.1338181818182,58.14002825506125,-10.006210073243054
Nigeria,2019,44.2238888888889,43.03963960139498,1.1842492874939197
Nigeria,2019,39.4826363636364,47.14645706260206,-7.663820698965658
Nigeria,2020,41.8011111111111,42.39718960321372,-0.5960784921026203
Nigeria,2020,36.8368181818182,45.97831624551841,-9.141498063700205
Nigeria,2021,41.3994444444444,42.1654240566716,-0.7659796122271985
Nigeria,2021,36.4320909090909,46.00989583814556,-9.577804929054658
Nigeria,2022,41.3994444444444,42.186782801597104,-0.7873383571527057
Nigeria,2022,34.0361818181818,46.2067858765856,-12.170604058403796
Nigeria,2023,34.9594545454545,47.05556937812305,-12.096114832668555
North Macedonia,2019,75.4477,73.22314692283716,2.224553077162838
North Macedonia,2019,69.6107,67.23384118086857,2.376858819131428
North Macedonia,2019,70.4180909090909,72.15104578736623,-1.7329548782753221
North Macedonia,2020,76.4026,73.71900224716089,2.6835977528391197
North Macedonia,2020,68.8164,68.2126504863351,0.6037495136649085
North Macedonia,2020,69.3920909090909,72.56217726519405,-3.1700863561031554
North Macedonia,2021,77.7532,75.2573797571771,2.4958202428229015
North Macedonia,2021,69.3843,69.6780313142224,-0.2937313142223985
North Macedonia,2021,69.3678181818182,73.20899640770209,-3.841178225883894
North Macedonia,2022,77.7532,75.21158081394415,2.541619186055854
North Macedonia,2022,68.5227,70.09817730332577,-1.5754773033257692
North Macedonia,2022,68.3973636363637,73.48360191958864,-5.0862382832249295
North Macedonia,2023,69.6492727272727,70.5937308305161,-0.9444581032433916
Northern Europe,2019,87.5074,88.36511727698603,-0.8577172769860226
Northern Europe,2020,87.032,87.97512713392929,-0.9431271339292948
Northern Europe,2021,86.7124,88.24902512703088,-1.5366251270308737
Northern Europe,2022,86.2623,88.0110321373136,-1.7487321373136098
Norway,2019,90.0421,84.9040774007018,5.1380225992982105
Norway,2019,89.523,86.77928894261507,2.743711057384928
Norway,2019,90.9413636363636,88.92713142416477,2.0142322121988343
Norway,2020,90.3212,84.71777845219256,5.603421547807443
Norway,2020,89.1686,86.30587295225274,2.8627270477472564
Norway,2020,91.1313636363636,88.64673015033519,2.4846334860284145
Norway,2021,90.4535,85.04941616801746,5.404083831982547
Norway,2021,88.9308,86.84926218344458,2.081537816555425
Norway,2021,90.8609090909091,89.19117297681959,1.6697361140895168
Norway,2022,90.4535,85.01283854571517,5.440661454284836
Norway,2022,89.3868,86.24077132298876,3.1460286770112305
Norway,2022,90.8900909090909,88.17447898308212,2.7156119260087763
Norway,2023,90.8900909090909,84.46314665669664,6.426944252394264
OECD members,2019,76.2348,76.1070497311781,0.12775026882191298
OECD members,2019,73.8098181818182,74.59966856582557,-0.7898503840073658
OECD members,2020,76.5415,76.18757815383678,0.3539218461632174
OECD members,2020,73.6387272727273,74.39715707729763,-0.7584298045703406
OECD members,2021,76.0972,75.98782358443991,0.10937641556009225
OECD members,2021,73.4435454545455,74.05929144740023,-0.6157459928547269
OECD members,2022,72.5480909090909,75.86285211723035,-3.314761208139444
OECD members,2023,72.1002727272727,75.72806976451768,-3.6277970372449886
Oceania,2019,62.15075,53.82636088467722,8.32438911532278
Oceania,2019,63.0442,55.38476431909012,7.65943568090988
Oceania,2020,62.1505,53.825899010895384,8.324600989104617
Oceania,2020,63.005,55.367303163023024,7.637696836976978
Oceania,2021,62.1405,53.82157920199104,8.31892079800896
Oceania,2021,63.0372,55.38726868599173,7.6499313140082705
Oceania,2022,63.0104,55.6409237982958,7.369476201704195
Oceania,2023,62.9762,55.624967920303305,7.351232079696693
Oman,2019,80.2361666666667,68.68449488729313,11.551671779373578
Oman,2019,76.202,68.9854940149938,7.216505985006194
Oman,2020,80.3175,69.39635699290672,10.921143007093278
Oman,2020,76.8332,69.7120663907487,7.121133609251302
Oman,2021,79.8885,68.65940227167937,11.229097728320625
Oman,2021,76.329,69.03803735379498,7.290962646205017
Oman,2022,79.8885,68.68992760766548,11.198572392334512
Oman,2022,67.2834,66.46711708648354,0.81628291351646
Oman,2023,68.069,66.19829785692838,1.8707021430716253
Pakistan,2019,53.0153,58.574583182888176,-5.559283182888173
Pakistan,2019,44.8357272727273,56.635832848058364,-11.800105575331067
Pakistan,2020,52.3628,58.25176627752647,-5.888966277526471
Pakistan,2020,44.4426363636364,56.601302821733015,-12.158666458096612
Pakistan,2021,51.2482,56.9042071567158,-5.656007156715802
Pakistan,2021,42.788,54.9433978577018,-12.1553978577018
Pakistan,2022,51.2482,56.94389908376252,-5.69569908376252
Pakistan,2022,39.8104545454545,54.72821654109703,-14.917761995642529
Pakistan,2023,40.0509090909091,56.00024700446052,-15.949337913551418
Palau,2019,76.0028375000001,45.51137972258835,30.491457777411746
Palau,2020,76.0028375000001,45.51137972258835,30.491457777411746
Palau,2021,76.0028375000001,45.51137972258835,30.491457777411746
Palau,2022,76.0028375000001,45.51137972258835,30.491457777411746
Panama,2019,65.9405,63.55996138883392,2.380538611166081
Panama,2019,62.4720909090909,62.674163139979655,-0.2020722308887528
Panama,2020,66.3682,63.3573416845591,3.010858315440899
Panama,2020,62.5191818181818,63.33655006418633,-0.8173682460045342
Panama,2021,67.7055,64.03524968531201,3.6702503146879906
Panama,2021,63.8384545454545,62.77293871148413,1.0655158339703732
Panama,2022,67.7055,64.02609463065956,3.6794053693404436
Panama,2022,62.7274545454545,64.088711943733,-1.3612573982785037
Panama,2023,61.8061818181818,64.80806226709919,-3.0018804489173903
Papua New Guinea,2019,55.0735,56.515134489800715,-1.4416344898007125
Papua New Guinea,2019,55.2686666666667,57.273256478910746,-2.004589812244049
Papua New Guinea,2020,55.0365,56.15444235908751,-1.1179423590875146
Papua New Guinea,2020,55.3156666666667,56.92414716497161,-1.6084804983049068
Papua New Guinea,2021,55.6921666666667,57.59111418120544,-1.8989475145387402
Papua New Guinea,2021,55.8676666666667,58.2890558862349,-2.421389219568198
Papua New Guinea,2022,55.6921666666667,57.53007504564138,-1.8379083789746815
Papua New Guinea,2022,52.7096666666667,58.06438505844352,-5.354718391776821
Papua New Guinea,2023,48.7946666666667,57.888035402357005,-9.093368735690305
Paraguay,2019,52.324,54.14346528857534,-1.8194652885753442
Paraguay,2019,49.3269090909091,53.26647885103077,-3.939569760121671
Paraguay,2020,52.4046,54.33227440210048,-1.9276744021004788
Paraguay,2020,49.9551818181818,54.13320431286094,-4.178022494679141
Paraguay,2021,52.9415,55.16854263346364,-2.2270426334636397
Paraguay,2021,50.9525454545455,54.22028204027316,-3.2677365857276612
Paraguay,2022,52.9415,55.2415653455118,-2.300065345511804
Paraguay,2022,49.3896363636364,54.312490338148606,-4.922853974512208
Paraguay,2023,47.8971818181818,55.238987676906504,-7.341805858724705
Peru,2019,60.8609,66.26844769203446,-5.407547692034456
Peru,2019,58.9678181818182,67.638625302682,-8.670807120863799
Peru,2020,59.7363,66.99913138020364,-7.262831380203636
Peru,2020,58.1052727272727,69.47156625518218,-11.366293527909484
Peru,2021,60.7652,66.73268454649771,-5.967484546497708
Peru,2021,57.4150909090909,68.53014321581433,-11.115052306723435
Peru,2022,60.7652,66.62924539465027,-5.864045394650269
Peru,2022,55.1621818181818,68.51473188224713,-13.352550064065333
Peru,2023,52.1518181818182,68.03367923205266,-15.881861050234463
Philippines,2019,60.9314444444445,61.69379567312468,-0.7623512286801812
Philippines,2019,53.118,59.971832668359895,-6.8538326683598925
Philippines,2020,62.3526666666667,61.965934055684855,0.38673261098184497
Philippines,2020,53.7235,59.604322569840335,-5.880822569840333
Philippines,2021,61.6774444444445,61.5877321970716,0.08971224737289418
Philippines,2021,51.5056,58.236810335524964,-6.731210335524963
Philippines,2022,61.6774444444445,61.52078308629393,0.15666135815056492
Philippines,2022,49.0638,58.34195550143064,-9.27815550143064
Philippines,2023,49.5128,59.34176517014128,-9.82896517014128
Poland,2019,81.5814,80.7268846747246,0.8545153252754005
Poland,2019,76.231,78.64375251817798,-2.4127525181779816
Poland,2019,78.8432727272727,81.00600308948452,-2.1627303622118177
Poland,2020,81.5116,79.51873893604836,1.9928610639516364
Poland,2020,75.7473,76.6469293784924,-0.8996293784924063
Poland,2020,79.355,80.1498154687671,-0.7948154687670979
Poland,2021,81.4845,79.59081858923778,1.8936814107622126
Poland,2021,75.7845,76.61246486624198,-0.8279648662419845
Poland,2021,80.029,80.99186548325513,-0.9628654832551291
Poland,2022,81.4845,79.6243256974119,1.8601743025880921
Poland,2022,74.214,76.29646136674342,-2.0824613667434164
Poland,2022,78.5314545454545,80.79055135311917,-2.259096807664676
Poland,2023,79.0797272727273,76.72624102711154,2.3534862456157555
Portugal,2019,86.9995,79.72764755503655,7.271852444963443
Portugal,2019,81.4353,82.02837464598824,-0.5930746459882386
Portugal,2019,84.0766363636364,82.69949577396092,1.3771405896754771
Portugal,2020,87.8835,78.86089483399788,9.022605166002123
Portugal,2020,78.9955,80.07336094670836,-1.0778609467083555
Portugal,2020,83.4560909090909,80.8916902598316,2.564400649259298
Portugal,2021,88.2615,79.15640507493896,9.105094925061039
Portugal,2021,77.9932,80.40208299901121,-2.4088829990112117
Portugal,2021,82.8067272727273,81.83159973446035,0.9751275382669462
Portugal,2022,88.2615,79.09241642139499,9.169083578605012
Portugal,2022,77.2108,80.45660233763472,-3.2458023376347143
Portugal,2022,81.8539090909091,81.49644438334303,0.3574647075660664
Portugal,2023,81.512,78.34654382652113,3.165456173478873
Qatar,2019,79.375,80.47993522009367,-1.1049352200936653
Qatar,2019,74.6806666666667,78.22027418095449,-3.5396075142877947
Qatar,2020,79.892375,80.8251148359125,-0.9327398359124999
Qatar,2020,74.8821666666667,78.54652118241344,-3.664354515746737
Qatar,2021,79.876375,80.81078380342696,-0.9344088034269618
Qatar,2021,74.895,78.57448947979113,-3.6794894797911297
Qatar,2022,79.876375,80.81078380342696,-0.9344088034269618
Qatar,2022,70.8865,76.93690641387514,-6.0504064138751374
Qatar,2023,74.1676666666667,76.8699183093357,-2.7022516426689975
ROW,2019,59.3772,63.06492836561747,-3.687728365617467
ROW,2020,59.6124,63.22632780611664,-3.613927806116642
ROW,2021,59.3529,63.344488311789995,-3.9915883117899966
Romania,2019,76.8426666666667,74.24379752802137,2.598869138645327
Romania,2019,70.2475,71.00381616130737,-0.7563161613073675
Romania,2019,77.5352,77.23825156000144,0.2969484399985589
Romania,2020,77.7583333333333,74.69959583394476,3.058737499388542
Romania,2020,71.6783,71.2606212885348,0.4176787114652001
Romania,2020,78.5233,77.39982971317157,1.1234702868284359
Romania,2021,77.4793333333333,74.9557023367441,2.5236309965892048
Romania,2021,72.1928,71.53769951008904,0.6551004899109643
Romania,2021,79.4624,77.90552992660271,1.5568700733972918
Romania,2022,77.4793333333333,74.90693256057692,2.5724007727563816
Romania,2022,70.8958,72.08668600303983,-1.1908860030398358
Romania,2022,77.437,78.11071389508407,-0.6737138950840773
Romania,2023,77.4349,74.69831880792577,2.736581192074226
Russian Federation,2019,54.4238888888889,59.23743827692512,-4.813549388036222
Russian Federation,2019,56.1866,56.87726967860128,-0.6906696786012816
Russian Federation,2020,56.4784444444444,60.16994554331123,-3.69150109886683
Russian Federation,2020,56.8372,56.54694081760643,0.2902591823935694
Russian Federation,2021,56.5596666666667,59.855710089977805,-3.2960434233111044
Russian Federation,2021,56.0016,56.35506536527381,-0.3534653652738058
Russian Federation,2022,56.5596666666667,59.74613107058166,-3.186464403914961
Russian Federation,2022,53.655,56.05798806815181,-2.4029880681518065
Russian Federation,2023,53.3905,56.64955747496059,-3.259057474960585
Rwanda,2019,70.0136666666667,62.80154356668839,7.212123099978307
Rwanda,2019,67.1394545454546,72.50523784020733,-5.365783294752731
Rwanda,2020,71.0527777777778,63.812932008184056,7.2398457695937495
Rwanda,2020,66.6183636363637,73.32809462710749,-6.709730990743793
Rwanda,2021,70.855,63.27447522701467,7.580524772985335
Rwanda,2021,66.2662727272727,73.03379939928979,-6.767526672017084
Rwanda,2022,70.855,63.27451901763093,7.580480982369075
Rwanda,2022,64.4283636363636,72.9472305931665,-8.518866956802896
Rwanda,2023,63.79,74.86212089105365,-11.07212089105365
Samoa,2019,86.8466,62.11665499059835,24.729945009401646
Samoa,2020,86.8466,62.11665499059835,24.729945009401646
Samoa,2021,86.5638,62.12694665159538,24.436853348404618
Samoa,2022,86.5638,62.12694665159538,24.436853348404618
San Marino,2019,100.0,56.480819765372644,43.519180234627356
San Marino,2020,100.0,56.480819765372644,43.519180234627356
San Marino,2021,100.0,56.480819765372644,43.519180234627356
San Marino,2022,100.0,56.480819765372644,43.519180234627356
Sao Tome and Principe,2019,75.0156666666667,74.70969192118226,0.30597474548444836
Sao Tome and Principe,2019,78.2578333333333,74.93264589796453,3.325187435368761
Sao Tome and Principe,2020,75.2361666666667,75.06264459131638,0.17352207535031994
Sao Tome and Principe,2020,78.4783333333333,75.27033590010562,3.207997433227675
Sao Tome and Principe,2021,74.7951666666667,74.34147658305506,0.4536900836116473
Sao Tome and Principe,2021,78.0373333333333,74.59495589582346,3.4423774375098333
Sao Tome and Principe,2022,74.7951666666667,74.37200191904117,0.4231647476255347
Sao Tome and Principe,2022,78.0373333333333,74.59495589582346,3.4423774375098333
Sao Tome and Principe,2023,78.0373333333333,74.68575859310106,3.3515747402322376
Saudi Arabia,2019,79.091625,81.71054495908704,-2.6189199590870516
Saudi Arabia,2019,71.8813333333333,78.62681108271474,-6.745477749381436
Saudi Arabia,2020,79.443625,81.41611975070845,-1.9724947507084494
Saudi Arabia,2020,71.8813333333333,78.62681108271474,-6.745477749381436
Saudi Arabia,2021,80.43475,81.73384285061003,-1.2990928506100374
Saudi Arabia,2021,71.8813333333333,78.62681108271474,-6.745477749381436
Saudi Arabia,2022,80.43475,81.73384285061003,-1.2990928506100374
Saudi Arabia,2022,71.4405,77.92117252451007,-6.480672524510069
Saudi Arabia,2023,71.6608333333333,78.30437221215855,-6.643538878825254
Senegal,2019,62.8538,67.64876992215608,-4.794969922156078
Senegal,2019,58.8303,58.564159405696884,0.266140594303117
Senegal,2020,65.0683,68.06109962431441,-2.992799624314415
Senegal,2020,58.6596,57.40247980837127,1.2571201916287293
Senegal,2021,63.9264,67.0824667745118,-3.1560667745117996
Senegal,2021,58.3481,57.2379379034965,1.110162096503501
Senegal,2022,63.9264,67.17692543701746,-3.2505254370174583
Senegal,2022,54.5657,56.3400155985672,-1.774315598567199
Senegal,2023,52.9761,57.36616004152088,-4.390060041520876
Serbia,2019,74.8359,72.99575467205118,1.840145327948818
Serbia,2019,63.5468,64.85012065656488,-1.3033206565648854
Serbia,2019,70.0854545454545,72.65176709996312,-2.5663125545086274
Serbia,2020,74.7145,72.29974486921921,2.41475513078079
Serbia,2020,63.584,65.11162448753217,-1.5276244875321652
Serbia,2020,69.4177272727273,72.05935514765108,-2.6416278749237705
Serbia,2021,74.656,72.24922446275754,2.406775537242467
Serbia,2021,63.2047,65.26755398841944,-2.062853988419434
Serbia,2021,69.0020909090909,72.05269634181398,-3.0506054327230885
Serbia,2022,74.656,72.22181343151586,2.434186568484151
Serbia,2022,62.0146,64.75776580186,-2.743165801860002
Serbia,2022,67.0753636363636,71.34365350924361,-4.268289872880004
Serbia,2023,65.744,68.45405876490696,-2.710058764906961
Seychelles,2019,77.5065,72.91103823711164,4.5954617628883625
Seychelles,2020,77.6851666666667,72.90323578973624,4.78193087693046
Seychelles,2021,79.2813333333333,74.28358445551238,4.997748877820911
Seychelles,2022,79.2813333333333,74.22254531994832,5.058788013384969
Sierra Leone,2019,59.8282,66.33518827033166,-6.506988270331654
Sierra Leone,2019,54.6165454545455,63.52805997796419,-8.911514523418688
Sierra Leone,2020,59.2243,66.85193960061005,-7.627639600610053
Sierra Leone,2020,53.6799090909091,63.92855839041852,-10.248649299509424
Sierra Leone,2021,58.926,66.94398859838137,-8.017988598381365
Sierra Leone,2021,51.3259090909091,60.09830723074087,-8.772398139831772
Sierra Leone,2022,58.926,67.01093770915904,-8.084937709159036
Sierra Leone,2022,50.6191818181818,60.51184609383565,-9.89266427565385
Sierra Leone,2023,49.4590909090909,61.53366743435626,-12.074576525265364
Singapore,2019,87.6567777777778,88.44099079619917,-0.7842130184213687
Singapore,2019,85.0953,85.90102585794261,-0.805725857942619
Singapore,2020,86.9307777777778,88.55905444268828,-1.628276664910473
Singapore,2020,83.2266,85.22258428185008,-1.9959842818500704
Singapore,2021,86.9355555555556,88.55874147138498,-1.6231859158293815
Singapore,2021,82.9265,85.75137566250116,-2.8248756625011566
Singapore,2022,86.9355555555556,88.55874147138498,-1.6231859158293815
Singapore,2022,82.8371,84.74644504244294,-1.9093450424429363
Singapore,2023,83.4537,86.86357564373117,-3.4098756437311692
Slovak Republic,2019,78.4448,76.55938125573599,1.8854187442640153
Slovak Republic,2019,74.1975,74.8584017924226,-0.6609017924225924
Slovak Republic,2019,77.9242727272727,77.4606645096555,0.4636082176171925
Slovak Republic,2020,80.6676,77.14140016390577,3.5261998360942215
Slovak Republic,2020,76.1074,75.90703281853327,0.20036718146673138
Slovak Republic,2020,77.9935454545455,77.52210425549552,0.47144119904997694
Slovak Republic,2021,80.8389,78.15655446769546,2.682345532304538
Slovak Republic,2021,74.9517,77.10767605481855,-2.1559760548185523
Slovak Republic,2021,77.2295454545455,78.80306113938035,-1.5735156848348453
Slovak Republic,2022,80.8389,77.98593631273526,2.852963687264733
Slovak Republic,2022,75.3362,77.53104868323729,-2.194848683237282
Slovak Republic,2022,77.5579090909091,79.32319849250966,-1.7652894016005547
Slovak Republic,2023,77.235,76.41066328542082,0.8243367145791751
Slovenia,2019,86.8846,80.18063959598499,6.703960404015021
Slovenia,2019,80.8866,75.86950938462925,5.017090615370748
Slovenia,2019,81.2926363636364,77.1224131169298,4.170223246706598
Slovenia,2020,86.6912,80.61759421668982,6.073605783310171
Slovenia,2020,79.398,76.58716103654277,2.810838963457229
Slovenia,2020,79.7803636363636,77.05770095448378,2.722662681879825
Slovenia,2021,86.0533,79.3279139527261,6.7253860472738864
Slovenia,2021,77.9481,75.37107537479767,2.577024625202327
Slovenia,2021,78.5825454545455,75.54392770946015,3.0386177450853467
Slovenia,2022,86.0533,79.25797153335226,6.795328466647732
Slovenia,2022,77.0914,75.38887818143073,1.7025218185692665
Slovenia,2022,77.2050909090909,75.37042279046673,1.8346681186241653
Slovenia,2023,77.9740909090909,71.9941170065366,5.979973902554306
Small Island Developing States,2019,65.0903333333333,65.1857004522768,-0.09536711894349992
Small Island Developing States,2019,62.4157142857143,65.93231733972067,-3.5166030540063673
Small Island Developing States,2020,64.9953333333333,65.14398552100874,-0.14865218767543809
Small Island Developing States,2020,62.2482857142857,65.86375076903315,-3.615465054747446
Small Island Developing States,2021,65.2518333333333,65.5216712198424,-0.26983788650910867
Small Island Developing States,2021,62.1837142857143,66.01334805953834,-3.8296337738240425
Small Island Developing States,2022,60.1068571428571,65.63511747475066,-5.528260331893556
Small Island Developing States,2023,58.7417142857143,65.61982408955704,-6.87810980384274
Solomon Islands,2019,68.2688333333333,69.66781174597082,-1.3989784126375184
Solomon Islands,2020,68.2688333333333,69.69832554554877,-1.4294922122154645
Solomon Islands,2021,68.4893333333333,70.05127821568291,-1.5619448823496072
Solomon Islands,2022,68.4893333333333,70.03601554768986,-1.5466822143565508
Somalia,2019,44.7484,41.37166624094214,3.3767337590578563
Somalia,2019,26.4375,38.3259847899508,-11.888484789950802
Somalia,2020,45.2598,41.35305536599914,3.9067446340008587
Somalia,2020,27.36975,38.29884362739216,-10.92909362739216
Somalia,2021,45.2542,41.35325916126641,3.9009408387335895
Somalia,2021,27.3595,38.299142041890654,-10.939642041890654
Somalia,2022,45.2542,41.35325916126641,3.9009408387335895
Somalia,2022,27.0885,38.307031830094886,-11.218531830094886
Somalia,2023,25.0,38.367835603764746,-13.367835603764746
South Africa,2019,57.6373,60.96285009575297,-3.3255500957529662
South Africa,2019,57.2143636363636,62.233409542246925,-5.019045905883324
South Africa,2020,60.1606,62.28015737826932,-2.1195573782693202
South Africa,2020,57.3587272727273,62.20968790578341,-4.850960633056111
South Africa,2021,59.0497,61.77145275424304,-2.7217527542430417
South Africa,2021,57.1302727272727,62.02844984951856,-4.898177122245862
South Africa,2022,59.0497,61.76230863884438,-2.7126086388443795
South Africa,2022,55.9873636363636,61.92896389963886,-5.941600263275262
South Africa,2023,55.4002727272727,62.264809774981416,-6.8645370477087155
South Sudan,2019,42.2715,46.943869878145094,-4.672369878145091
South Sudan,2019,44.1658,46.73981348316503,-2.5740134831650323
South Sudan,2020,42.5478333333333,46.93180228696187,-4.3839689536285675
South Sudan,2020,44.649,46.72222886296077,-2.073228862960768
South Sudan,2021,42.2406666666667,46.945216382589535,-4.7045497159228375
South Sudan,2021,44.1116,46.74178593021609,-2.6301859302160864
South Sudan,2022,42.2406666666667,46.945216382589535,-4.7045497159228375
South Sudan,2022,41.1282,46.85035785885307,-5.722157858853073
South Sudan,2023,39.2574,46.91844003492537,-7.661040034925371
Southern Europe,2019,73.4359,78.1817512712159,-4.745851271215898
Southern Europe,2020,71.8512,77.36906969080826,-5.517869690808254
Southern Europe,2021,72.0036,77.6062505558228,-5.602650555822791
Southern Europe,2022,70.6021,77.51401226256128,-6.911912262561287
Spain,2019,81.2715,76.34216176387311,4.929338236126895
Spain,2019,75.4591,74.51085193922886,0.9482480607711494
Spain,2019,79.7048181818182,78.25357166551326,1.4512465163049342
Spain,2020,82.7616,76.42503386656173,6.336566133438268
Spain,2020,72.3728,72.34594782025856,0.026852179741439386
Spain,2020,80.0167272727273,78.17830295094888,1.8384243217784189
Spain,2021,83.0505,76.06783228487163,6.982667715128372
Spain,2021,71.8628,72.18980459511883,-0.3270045951188365
Spain,2021,79.8320909090909,77.91002499126563,1.9220659178252646
Spain,2022,83.0505,75.99783513562772,7.052664864372275
Spain,2022,70.7876,71.80883573485082,-1.0212357348508192
Spain,2022,78.784,77.77819818790336,1.0058018120966494
Spain,2023,78.5302727272727,75.84934899774197,2.6809237295307327
Sri Lanka,2019,65.4635,67.73369035568005,-2.2701903556800573
Sri Lanka,2019,56.2341,54.91108336021868,1.323016639781315
Sri Lanka,2020,67.3439,67.52045509386629,-0.1765550938662841
Sri Lanka,2020,56.7631,54.30612739258406,2.456972607415942
Sri Lanka,2021,65.9465,66.83448745283445,-0.8879874528344516
Sri Lanka,2021,55.3408,53.924423094547834,1.416376905452168
Sri Lanka,2022,65.9465,66.84670208236129,-0.9002020823612895
Sri Lanka,2022,51.4174,53.9357387870394,-2.518338787039397
Sri Lanka,2023,50.7091,53.9749618619621,-3.265861861962101
St. Kitts and Nevis,2019,73.24675,43.29952067751715,29.947229322482855
St. Kitts and Nevis,2020,73.28525,43.28831808484753,29.996931915152473
St. Kitts and Nevis,2021,73.28525,43.28831808484753,29.996931915152473
St. Kitts and Nevis,2022,73.28525,43.28831808484753,29.996931915152473
St. Lucia,2019,69.2408571428572,62.82769985187696,6.413157290980237
St. Lucia,2020,70.5507142857143,62.609562722554834,7.9411515631594725
St. Lucia,2021,70.5507142857143,62.594311590969944,7.956402694744362
St. Lucia,2022,70.5507142857143,62.594311590969944,7.956402694744362
St. Vincent and the Grenadines,2019,65.8818,56.00282485807443,9.878975141925565
St. Vincent and the Grenadines,2020,66.1588,55.88681160016309,10.271988399836907
St. Vincent and the Grenadines,2021,66.1588,55.88681160016309,10.271988399836907
St. Vincent and the Grenadines,2022,66.1588,55.88681160016309,10.271988399836907
State of Palestine,2019,74.6222857142857,63.79629174075788,10.825993973527815
State of Palestine,2020,74.6517142857143,63.7262157717912,10.925498513923102
State of Palestine,2021,74.8374285714286,63.71675384866805,11.120674722760555
State of Palestine,2022,74.8374285714286,63.71675384866805,11.120674722760555
Sub-Saharan Africa,2019,49.8649,57.082154516036354,-7.2172545160363555
Sub-Saharan Africa,2019,44.916,54.662719100283006,-9.74671910028301
Sub-Saharan Africa,2020,49.8481,57.17425148261137,-7.326151482611365
Sub-Saharan Africa,2020,44.3076363636364,54.34019940062356,-10.032563036987163
Sub-Saharan Africa,2021,49.5655,57.18495707351503,-7.619457073515029
Sub-Saharan Africa,2021,44.2330909090909,54.56561759851742,-10.332526689426523
Sub-Saharan Africa,2022,42.4037272727273,55.43745148262062,-13.033724209893315
Sub-Saharan Africa,2023,42.0780909090909,55.48073623764784,-13.402645328556936
Sudan,2019,48.3491428571429,45.79659271003291,2.55255014710999
Sudan,2019,40.9201,49.90847678403979,-8.988376784039794
Sudan,2020,51.843,45.618584822476784,6.22441517752322
Sudan,2020,41.893,49.83766520706659,-7.944665207066592
Sudan,2021,53.0885714285714,47.00517835751421,6.083393071057188
Sudan,2021,41.2969,51.99896542645438,-10.702065426454382
Sudan,2022,53.0885714285714,46.801030618717945,6.2875408098534535
Sudan,2022,40.3593,52.766639769886936,-12.407339769886939
Sudan,2023,39.8947,52.71162555895618,-12.816925558956179
Suriname,2019,79.1087777777778,75.66467400342526,3.4441037743525413
Suriname,2019,67.3075454545455,69.53074682533529,-2.2232013707897806
Suriname,2020,77.8953333333333,73.73599234309431,4.159340990238988
Suriname,2020,64.8187272727273,65.38658842558532,-0.5678611528580149
Suriname,2021,78.1295555555556,74.22351038803546,3.9060451675201335
Suriname,2021,66.3814545454545,66.4008158107379,-0.019361265283393436
Suriname,2022,78.1295555555556,74.29960361421179,3.8299519413438077
Suriname,2022,64.0850909090909,66.3859928103322,-2.3009019012413034
Suriname,2023,65.4410909090909,67.13913819365763,-1.6980472845667265
Sweden,2019,86.3051,82.43829432737135,3.8668056726286437
Sweden,2019,84.1694,80.11181477879104,4.057585221208953
Sweden,2019,89.0728181818182,85.85895909345462,3.2138590883635914
Sweden,2020,86.2269,82.55415402557675,3.6727459744232505
Sweden,2020,84.0638,79.77365940046165,4.290140599538347
Sweden,2020,89.2073636363636,85.77100922180634,3.4363544145572575
Sweden,2021,86.5778,82.6757480539171,3.902051946082892
Sweden,2021,83.4846,79.97721590957634,3.507384090423656
Sweden,2021,88.7984545454545,85.72323750831818,3.0752170371363263
Sweden,2022,86.5778,82.60268039054505,3.97511960945495
Sweden,2022,82.6102,79.47068109090314,3.1395189090968643
Sweden,2022,88.3485454545455,84.94611275690482,3.402432697640677
Sweden,2023,88.2282727272727,82.00798889424796,6.220283833024737
Switzerland,2019,85.0461111111111,84.69453518403975,0.35157592707135166
Switzerland,2019,77.6037142857143,77.85620998550777,-0.25249569979347086
Switzerland,2019,84.0381428571429,86.31746945243138,-2.279326595288481
Switzerland,2020,84.6403333333333,84.57093392877672,0.06939940455657734
Switzerland,2020,79.5252857142857,78.699042941413,0.8262427728727033
Switzerland,2020,83.5374285714286,86.17383110351547,-2.636402532086862
Switzerland,2021,85.0893333333333,84.40423427895232,0.6850990543809843
Switzerland,2021,79.3505714285714,78.36062509903168,0.9899463295397197
Switzerland,2021,83.4002857142857,85.87444486641246,-2.4741591521267594
Switzerland,2022,85.0893333333333,84.41949694694537,0.669836386387928
Switzerland,2022,77.5992857142857,77.72496110152393,-0.1256753872382319
Switzerland,2022,81.8258571428571,85.56736631983085,-3.74150917697375
Switzerland,2023,82.2098571428571,81.9762246874059,0.23363245545120037
Syrian Arab Republic,2019,41.6837142857143,54.81487854099009,-13.131164255275785
Syrian Arab Republic,2019,54.0051666666667,59.37819686269718,-5.373030196030477
Syrian Arab Republic,2020,41.7114285714286,55.17604852743656,-13.464619956007965
Syrian Arab Republic,2020,54.2256666666667,59.71588686483826,-5.4902201981715635
Syrian Arab Republic,2021,41.9184285714286,54.787657457849846,-12.869228886421247
Syrian Arab Republic,2021,54.0051666666667,59.37819686269718,-5.373030196030477
Syrian Arab Republic,2022,41.9184285714286,54.8029201258429,-12.884491554414303
Syrian Arab Republic,2022,54.0051666666667,59.37819686269718,-5.373030196030477
Syrian Arab Republic,2023,54.0051666666667,59.37819686269718,-5.373030196030477
Tajikistan,2019,71.3688571428571,62.925006055936485,8.44385108692061
Tajikistan,2019,64.0226,59.7093681771223,4.313231822877697
Tajikistan,2020,71.608,62.994248085018114,8.61375191498189
Tajikistan,2020,63.8478,59.917691408989455,3.930108591010544
Tajikistan,2021,72.0724285714286,63.12076797964452,8.951660591784083
Tajikistan,2021,63.7728,59.920420809890366,3.8523791901096303
Tajikistan,2022,72.0724285714286,63.12076797964452,8.951660591784083
Tajikistan,2022,61.75,59.63145257527596,2.118547424724042
Tajikistan,2023,60.5834,58.239116238898184,2.3442837611018135
Tanzania,2019,53.8029,59.334324246273454,-5.531424246273453
Tanzania,2019,46.6980909090909,56.47596678270641,-9.777875873615507
Tanzania,2020,53.3131,59.70449066549141,-6.391390665491414
Tanzania,2020,44.9838181818182,56.211412946830265,-11.227594765012064
Tanzania,2021,52.8562,59.77760166410312,-6.921401664103122
Tanzania,2021,45.7573636363636,57.491231637033465,-11.733868000669865
Tanzania,2022,52.8562,59.7501681571995,-6.893968157199495
Tanzania,2022,43.5844545454546,57.57023883842821,-13.985784292973612
Tanzania,2023,45.0597272727273,58.77692540654183,-13.717198133814527
Thailand,2019,70.9445555555556,70.249694552938,0.6948610026175999
Thailand,2019,65.3818,66.4265762604896,-1.0447762604895985
Thailand,2020,70.4557777777778,69.82123138756734,0.6345463902104598
Thailand,2020,64.8361,66.85108081538033,-2.0149808153803264
Thailand,2021,70.2644444444445,69.2735261947422,0.9909182497023039
Thailand,2021,63.622,65.5823898684281,-1.960389868428095
Thailand,2022,70.2644444444445,69.29182536479333,0.9726190796511816
Thailand,2022,62.6713,66.03327410607335,-3.3619741060733475
Thailand,2023,64.1995,66.41230354267428,-2.21280354267428
Timor-Leste,2019,71.6888571428571,69.66619096653314,2.022666176323966
Timor-Leste,2020,72.0727142857143,70.32574736426591,1.74696692144839
Timor-Leste,2021,72.423,70.63996891850975,1.7830310814902504
Timor-Leste,2022,72.423,70.6247062505167,1.7982937494833067
Togo,2019,49.62925,48.614810578576666,1.014439421423333
Togo,2019,46.299,45.46255195267072,0.8364480473292772
Togo,2020,49.501375,48.546370719029014,0.9550042809709893
Togo,2020,46.1859,45.63841579148129,0.5474842085187035
Togo,2021,50.936,49.2941885504394,1.641811449560599
Togo,2021,47.3852,46.50208540605678,0.883114593943219
Togo,2022,50.936,49.42203448567856,1.5139655143214412
Togo,2022,44.3019,47.367555203822675,-3.065655203822672
Togo,2023,43.1259,48.57392545232159,-5.448025452321588
Tonga,2019,83.6008333333333,66.61389923920851,16.98693409412479
Tonga,2020,83.158,66.63323795439176,16.52476204560824
Tonga,2021,83.796,66.60537622999527,17.190623770004734
Tonga,2022,83.796,66.60537622999527,17.190623770004734
Trinidad and Tobago,2019,58.5658,55.41259281500699,3.1532071849930148
Trinidad and Tobago,2019,55.209,53.72495040746071,1.484049592539293
Trinidad and Tobago,2020,58.5656,55.32258801036787,3.24301198963213
Trinidad and Tobago,2020,58.8769090909091,58.34291284216242,0.5339962487466821
Trinidad and Tobago,2021,58.9365,55.47851066249727,3.457989337502731
Trinidad and Tobago,2021,57.9989090909091,57.79749848605016,0.20141060485894258
Trinidad and Tobago,2022,58.9365,55.45717323252608,3.4793267674739212
Trinidad and Tobago,2022,56.3917272727273,55.37301943341417,1.0187078393131301
Trinidad and Tobago,2023,56.0148181818182,55.90253996366946,0.11227821814873806
Tunisia,2019,69.4192,67.20210888244894,2.217091117551064
Tunisia,2019,66.8772727272727,66.71936484482592,0.15790788244677856
Tunisia,2020,68.8196,67.4156376633583,1.4039623366416976
Tunisia,2020,66.598,67.01165782894013,-0.41365782894013137
Tunisia,2021,70.9135,68.14293707287412,2.77056292712588
Tunisia,2021,66.3246363636364,66.95227595201202,-0.6276395883756152
Tunisia,2022,70.9135,68.06986940950205,2.843630590497952
Tunisia,2022,63.1305454545455,65.76093617801544,-2.6303907234699437
Tunisia,2023,61.5169090909091,66.63629353258433,-5.11938444167523
Turkey,2019,68.2018888888889,69.87253806601323,-1.6706491771243321
Turkey,2020,69.087,69.9291780676105,-0.8421780676104902
Turkey,2021,68.0497777777778,68.95661692821977,-0.906839150441968
Turkey,2022,68.0497777777778,68.98713072779772,-0.937352950019914
Turkmenistan,2019,73.876875,73.37039870546086,0.5064762945391408
Turkmenistan,2019,71.33,70.66621068290371,0.6637893170962883
Turkmenistan,2020,73.876875,73.38564983704575,0.491225162954251
Turkmenistan,2020,71.33,70.66621068290371,0.6637893170962883
Turkmenistan,2021,73.876875,73.38564983704575,0.491225162954251
Turkmenistan,2021,71.33,70.66621068290371,0.6637893170962883
Turkmenistan,2022,73.876875,73.38564983704575,0.491225162954251
Turkmenistan,2022,71.33,70.66621068290371,0.6637893170962883
Turkmenistan,2023,71.141,70.31325801276958,0.827741987230425
Tuvalu,2019,81.236,51.93509200532253,29.300907994677473
Tuvalu,2020,81.236,51.93509200532253,29.300907994677473
Tuvalu,2021,81.236,51.93509200532253,29.300907994677473
Tuvalu,2022,81.236,51.93509200532253,29.300907994677473
Türkiye,2019,60.0861,66.51278260505002,-6.4266826050500185
Türkiye,2019,62.9063636363636,71.95564114832743,-9.04927751196383
Türkiye,2020,60.9227,67.28152259023996,-6.35882259023996
Türkiye,2020,63.2935454545455,72.03026733867102,-8.736721884125522
Türkiye,2021,59.7949,66.77428473019357,-6.979384730193573
Türkiye,2021,62.861,72.03496620801506,-9.173966208015067
Türkiye,2022,58.9269,65.91371323335616,-6.986813233356159
Türkiye,2022,61.7570909090909,71.64197166235192,-9.884880753261022
Türkiye,2023,61.2799090909091,68.06620444238014,-6.78629535147104
Uganda,2019,48.0115,55.49008804728433,-7.478588047284333
Uganda,2019,43.8307272727273,56.000369146775284,-12.169641874047983
Uganda,2020,46.5817,55.282916204964934,-8.701216204964936
Uganda,2020,43.4559090909091,56.03170695107912,-12.57579786017002
Uganda,2021,46.5474,55.373731491945925,-8.826331491945922
Uganda,2021,43.911,55.96491527264597,-12.053915272645966
Uganda,2022,46.5474,55.37982756887837,-8.832427568878366
Uganda,2022,41.8183636363636,56.23300008087161,-14.414636444508012
Uganda,2023,41.7520909090909,57.00264014350552,-15.25054923441462
Ukraine,2019,64.7246,63.94971874608937,0.7748812539106282
Ukraine,2019,64.4414545454545,60.235752360485336,4.205702184969169
Ukraine,2020,65.6361,65.11835817146051,0.517741828539485
Ukraine,2020,65.4702727272727,61.245768201810506,4.224504525462194
Ukraine,2021,66.4935,65.15899465306754,1.3345053469324597
Ukraine,2021,65.1745454545455,60.71105069489833,4.463494759647162
Ukraine,2022,66.4935,65.11031245813288,1.383187541867116
Ukraine,2022,62.6396363636364,61.054254297123514,1.585382066512885
Ukraine,2023,64.7503636363636,63.1206519828319,1.6297116535317002
United Arab Emirates,2019,78.0026666666667,77.98456558154949,0.01810108511720898
United Arab Emirates,2019,74.9075,74.37407912096664,0.5334208790333577
United Arab Emirates,2020,78.1063333333333,78.13982207782895,-0.03348874449565642
United Arab Emirates,2020,74.378,74.38605442595615,-0.00805442595614636
United Arab Emirates,2021,77.7424444444445,77.29233821097338,0.4501062334711179
United Arab Emirates,2021,74.1607,73.81450856135129,0.3461914386487166
United Arab Emirates,2022,77.7424444444445,77.36244541711174,0.37999902733275803
United Arab Emirates,2022,71.1099,73.11751222937393,-2.007612229373933
United Arab Emirates,2023,70.3129,75.32833992441371,-5.0154399244137124
United Kingdom,2019,83.4555,86.23358171486274,-2.7780817148627364
United Kingdom,2019,72.9991111111111,68.47236948397645,4.526741627134655
United Kingdom,2019,83.9022727272727,86.40722043652342,-2.5049477092507146
United Kingdom,2020,83.5693,86.47066915338333,-2.901369153383328
United Kingdom,2020,71.9407777777778,68.38027557243947,3.5605022053383237
United Kingdom,2020,82.8213636363636,85.67967249909277,-2.8583088627291744
United Kingdom,2021,82.1387,86.09519577447733,-3.9564957744773324
United Kingdom,2021,71.9006666666667,69.05142153261491,2.8492451340517846
United Kingdom,2021,82.5388181818182,86.17141395940183,-3.6325957775836315
United Kingdom,2022,82.1387,85.9885985272692,-3.849898527269204
United Kingdom,2022,70.7764444444444,66.96887252263886,3.8075719218055326
United Kingdom,2022,81.9545454545454,84.15631856311748,-2.201773108572084
United Kingdom,2023,81.4868181818182,82.55277258646458,-1.0659544046463907
United States,2019,72.9722,76.30489194677315,-3.332691946773153
United States,2019,68.7852727272727,74.14407755461279,-5.358804827340094
United States,2020,72.8558,75.59972446310114,-2.7439244631011377
United States,2020,68.5636363636364,73.32475599534793,-4.761119631711523
United States,2021,71.9672,75.32860339432096,-3.361403394320959
United States,2021,68.8667272727273,72.85916849002777,-3.992441217300467
United States,2022,71.9672,75.44432228126581,-3.4771222812658067
United States,2022,68.3153636363636,73.82232467942777,-5.506961043064166
United States,2023,67.1506363636364,75.20354090013612,-8.052904536499724
Upper-middle-income Countries,2019,59.5638181818182,65.97133760702427,-6.407519425206068
Upper-middle-income Countries,2020,59.1663636363636,65.84632513049719,-6.679961494133593
Upper-middle-income Countries,2021,58.9214545454546,65.49580822630413,-6.5743536808495335
Upper-middle-income Countries,2022,59.6026363636364,65.63820298744703,-6.035566623810631
Upper-middle-income Countries,2023,59.2938181818182,64.92524703254182,-5.631428850723616
Uruguay,2019,79.665,77.48839550290951,2.1766044970904943
Uruguay,2019,81.1161818181818,80.14353265350725,0.9726491646745501
Uruguay,2020,81.3852,77.82380361526187,3.5613963847381314
Uruguay,2020,82.073,80.39963975236755,1.673360247632445
Uruguay,2021,81.39,78.55548637239932,2.8345136276006855
Uruguay,2021,82.2122727272727,81.17975073269437,1.0325219945783317
Uruguay,2022,81.39,78.47017182529233,2.919828174707675
Uruguay,2022,79.2420909090909,81.34445141485386,-2.1023605057629595
Uruguay,2023,78.3017272727273,82.26599105582409,-3.964263783096783
Uzbekistan,2019,70.8307142857143,60.44186115543352,10.388853130280772
Uzbekistan,2019,57.5441,53.223623747733555,4.320476252266445
Uzbekistan,2020,70.5044285714286,60.281503691064174,10.222924880364431
Uzbekistan,2020,58.5048,53.20755457530341,5.297245424696591
Uzbekistan,2021,70.8567142857143,60.868721180636435,9.98799310507787
Uzbekistan,2021,59.408,53.87432118433133,5.533678815668672
Uzbekistan,2022,70.8567142857143,60.92346719829543,9.933247087418877
Uzbekistan,2022,59.4229,54.70786535203925,4.715034647960749
Uzbekistan,2023,58.4916,57.09708340714222,1.3945165928577765
Vanuatu,2019,69.4441666666667,72.10841757255504,-2.6642509058883377
Vanuatu,2020,68.933,71.14026620048473,-2.2072662004847245
Vanuatu,2021,69.3738333333333,71.8916812262604,-2.517847892927108
Vanuatu,2022,69.3738333333333,71.86116742668246,-2.487334093349162
"Venezuela, RB",2019,33.3482222222222,43.313949607554925,-9.965727385332727
"Venezuela, RB",2019,27.6964,43.365116465269395,-15.668716465269394
"Venezuela, RB",2020,33.5934444444444,43.05677357598326,-9.463329131538856
"Venezuela, RB",2020,30.4868,45.43604963147803,-14.949249631478029
"Venezuela, RB",2021,33.1385555555556,42.73924049049114,-9.600684934935543
"Venezuela, RB",2021,32.5121,47.912354344138244,-15.400254344138247
"Venezuela, RB",2022,33.1385555555556,42.7545031584842,-9.6159476029286
"Venezuela, RB",2022,29.8365,48.16752012530955,-18.33102012530955
"Venezuela, RB",2023,29.7042,47.81456745517542,-18.11036745517542
Vietnam,2019,64.6859,74.1013812914166,-9.415481291416597
Vietnam,2019,63.3801818181818,68.48878612912766,-5.108604310945857
Vietnam,2020,66.2367,73.60367464018297,-7.366974640182974
Vietnam,2020,63.0916363636364,68.1083475535302,-5.0167111898937975
Vietnam,2021,66.4487,74.77439936498068,-8.325699364980679
Vietnam,2021,64.0708181818182,69.12032502271859,-5.049506840900392
Vietnam,2022,66.4487,74.78341210853057,-8.334712108530567
Vietnam,2022,63.8471818181818,70.0663858899158,-6.219204071733991
Vietnam,2023,63.7269090909091,70.63958389630452,-6.912674805395412
Western Europe,2019,74.3244,77.16810918642172,-2.8437091864217194
Western Europe,2020,75.2911,77.88680398976862,-2.595703989768623
Western Europe,2021,75.1523,78.3923489957453,-3.2400489957452976
Western Europe,2022,74.1119,78.53393314201497,-4.422033142014968
World,2019,63.4806,66.65544279606038,-3.174842796060382
World,2019,58.3610909090909,64.0309747599693,-5.669883850878399
World,2020,63.7008,66.78963714455561,-3.0888371445556118
World,2020,57.7040909090909,63.51592513823321,-5.811834229142306
World,2021,63.3813,66.82490266371683,-3.443602663716824
World,2021,57.2725454545455,63.28106295208979,-6.00851749754429
World,2022,56.1162727272727,64.40026836257431,-8.283995635301608
World,2023,55.1730909090909,64.107706281046,-8.934615371955104
"Yemen, Rep.",2019,41.084375,55.74143975977702,-14.657064759777022
"Yemen, Rep.",2019,38.7156666666667,51.84039237150094,-13.12472570483424
"Yemen, Rep.",2020,42.706375,55.668351619667014,-12.961976619667013
"Yemen, Rep.",2020,39.3233333333333,51.813855316341694,-12.490521983008392
"Yemen, Rep.",2021,42.1395,56.06366711060856,-13.924167110608565
"Yemen, Rep.",2021,38.936,52.17782712798659,-13.24182712798659
"Yemen, Rep.",2022,42.1395,56.048415979023666,-13.908915979023668
"Yemen, Rep.",2022,38.936,52.17782712798659,-13.24182712798659
"Yemen, Rep.",2023,38.936,52.17782712798659,-13.24182712798659
Zambia,2019,50.9739,59.62014641990984,-8.646246419909836
Zambia,2019,46.7487272727273,57.31826451817978,-10.56953724545248
Zambia,2020,50.5666,60.09078766325008,-9.524187663250082
Zambia,2020,45.2567272727273,57.05396105567467,-11.797233782947373
Zambia,2021,49.5165,59.88316298415886,-10.366662984158857
Zambia,2021,45.5033636363636,57.54276438731786,-12.039400750954258
Zambia,2022,49.5165,59.93798504664222,-10.421485046642218
Zambia,2022,44.7106363636364,57.57342581830661,-12.862789454670214
Zambia,2023,45.1879090909091,59.91095528197388,-14.723046191064775
Zimbabwe,2019,48.2724,61.141871000065954,-12.869471000065957
Zimbabwe,2019,45.2692727272727,59.05210573363851,-13.782833006365813
Zimbabwe,2020,49.0923,60.66316463787214,-11.570864637872141
Zimbabwe,2020,45.322,58.80206871143863,-13.480068711438626
Zimbabwe,2021,48.1238,60.115658702625765,-11.991858702625763
Zimbabwe,2021,44.4709090909091,58.28606765458295,-13.815158563673847
Zimbabwe,2022,48.1238,60.106546841435204,-11.982746841435201
Zimbabwe,2022,41.7905454545454,56.932592608549875,-15.142047154004473
Zimbabwe,2023,42.9277272727273,57.73368082820916,-14.805953555481857
_HIC,2019,80.0379,77.45322386676067,2.584676133239327
_HIC,2020,80.3318,77.48412964672299,2.8476703532770102
_HIC,2021,79.9183,77.3426350527876,2.5756649472124025
_LIC,2019,46.9409,56.26651618347833,-9.325616183478331
_LIC,2020,47.1442,56.298983781942155,-9.154783781942157
_LIC,2021,47.1952,56.459420411511886,-9.264220411511886
_LMIC,2019,58.9148,62.7621578596785,-3.847357859678503
_LMIC,2020,58.2057,62.75613020765708,-4.5504302076570795
_LMIC,2021,57.4217,62.52251997247565,-5.100819972475648
_UMIC,2019,65.6903333333333,66.47814132990632,-0.7878079965730223
_UMIC,2020,67.4316666666667,66.97297312905388,0.4586935376128167
_UMIC,2021,67.8968888888889,67.54319127982377,0.35369760906512226
